{
"type": "FeatureCollection",
"name": "PoliceStationBoundaries",
"crs": { "type": "name", "properties": { "name": "urn:ogc:def:crs:OGC:1.3:CRS84" } },
"xy_coordinate_resolution": 1e-05,
"features": [
{"type":"Feature","properties":{"TahanaName":"תחנת אום אל-פחם","TahanaShortName":"אום אל פאחם","MerhavName":"מנשה","MahozName":"חוף"},"geometry":{"type":"Polygon","coordinates":[[[35.17924,32.57426],[35.18356,32.5743],[35.18641,32.57282],[35.19117,32.57402],[35.19726,32.56368],[35.20376,32.548],[35.21222,32.54181],[35.20881,32.54251],[35.19847,32.53882],[35.19524,32.53356],[35.19562,32.53095],[35.18965,32.52758],[35.18714,32.52322],[35.18073,32.52411],[35.1736,32.51571],[35.17021,32.51407],[35.16897,32.51125],[35.16487,32.50981],[35.16421,32.50649],[35.15795,32.50301],[35.15269,32.50213],[35.15008,32.49838],[35.13601,32.49941],[35.13937,32.50342],[35.14193,32.50387],[35.14363,32.5069],[35.14208,32.50563],[35.13364,32.50785],[35.12898,32.5069],[35.12783,32.50615],[35.12782,32.50088],[35.12571,32.5025],[35.11948,32.5035],[35.11938,32.50488],[35.11751,32.5046],[35.11652,32.50647],[35.11914,32.50889],[35.11855,32.51144],[35.12053,32.51349],[35.1123,32.51016],[35.11118,32.5123],[35.11325,32.51254],[35.11012,32.51337],[35.1102,32.51508],[35.11423,32.51688],[35.11128,32.52257],[35.10379,32.52547],[35.10309,32.524],[35.09703,32.5229],[35.09509,32.52678],[35.0964,32.5279],[35.09585,32.53067],[35.09291,32.53054],[35.09191,32.53368],[35.09479,32.53458],[35.08975,32.53955],[35.09214,32.54052],[35.09866,32.54041],[35.09987,32.54263],[35.10373,32.54371],[35.109,32.54364],[35.10965,32.54697],[35.11191,32.5492],[35.1117,32.55161],[35.11776,32.55433],[35.12726,32.55292],[35.13138,32.55097],[35.13251,32.54918],[35.13567,32.55409],[35.13972,32.55621],[35.14245,32.56142],[35.1486,32.56331],[35.14947,32.56583],[35.15052,32.56443],[35.1542,32.5646],[35.15745,32.56709],[35.16168,32.56738],[35.16527,32.56957],[35.17652,32.57257],[35.17754,32.57163],[35.17924,32.57426]]]}},
{"type":"Feature","properties":{"TahanaName":"תחנת אופקים","TahanaShortName":"אופקים","MerhavName":"נגב מערבי","MahozName":"דרום"},"geometry":{"type":"Polygon","coordinates":[[[34.45983,31.44274],[34.45963,31.43822],[34.45782,31.43501],[34.46269,31.43572],[34.46489,31.43844],[34.46937,31.43847],[34.47155,31.43578],[34.47457,31.43734],[34.47776,31.43723],[34.47728,31.43379],[34.47858,31.4311],[34.48113,31.4316],[34.48035,31.43092],[34.48181,31.42974],[34.48363,31.43169],[34.48521,31.43044],[34.48867,31.43005],[34.49065,31.4314],[34.49597,31.42897],[34.49714,31.42975],[34.49613,31.41871],[34.47466,31.40047],[34.47622,31.39838],[34.47595,31.39508],[34.4794,31.39521],[34.48066,31.39374],[34.47966,31.39015],[34.48213,31.38892],[34.48093,31.38719],[34.48154,31.38561],[34.4843,31.38291],[34.48702,31.38357],[34.48891,31.38047],[34.49532,31.37952],[34.49846,31.37738],[34.50241,31.37706],[34.50386,31.37553],[34.50892,31.37678],[34.51898,31.37191],[34.51957,31.37034],[34.52355,31.37191],[34.52512,31.37101],[34.52774,31.37191],[34.5315,31.36833],[34.53206,31.36541],[34.53695,31.36631],[34.54059,31.36418],[34.54415,31.365],[34.55054,31.3636],[34.56122,31.36651],[34.56753,31.36193],[34.5707,31.36165],[34.5745,31.35893],[34.57693,31.35879],[34.58338,31.36116],[34.5839,31.36418],[34.58824,31.36613],[34.5873,31.36876],[34.58933,31.36973],[34.59368,31.36905],[34.59397,31.3708],[34.59841,31.37284],[34.60219,31.37744],[34.6091,31.37862],[34.61325,31.37742],[34.61974,31.38373],[34.62937,31.38823],[34.63143,31.38771],[34.63218,31.38608],[34.63483,31.38621],[34.63976,31.39176],[34.64255,31.3928],[34.64583,31.3923],[34.64969,31.38869],[34.65439,31.39026],[34.66024,31.38816],[34.66185,31.38938],[34.66576,31.38816],[34.669,31.39004],[34.67412,31.39013],[34.67469,31.3887],[34.67784,31.38868],[34.68082,31.38954],[34.68179,31.39187],[34.69371,31.39304],[34.69728,31.39488],[34.6987,31.39795],[34.70168,31.39803],[34.70689,31.39233],[34.71272,31.38827],[34.7122,31.38473],[34.71547,31.38352],[34.71863,31.385],[34.72041,31.38446],[34.71902,31.3783],[34.71351,31.37092],[34.70861,31.36045],[34.70797,31.35508],[34.70911,31.34951],[34.70806,31.34577],[34.70319,31.34116],[34.69891,31.3314],[34.70344,31.32383],[34.70285,31.31507],[34.70939,31.30449],[34.70615,31.30138],[34.70735,31.30065],[34.7058,31.29816],[34.70184,31.29966],[34.69848,31.29536],[34.69776,31.29151],[34.69914,31.28904],[34.69676,31.28417],[34.69731,31.27515],[34.69398,31.26772],[34.69382,31.25631],[34.6739,31.25602],[34.67212,31.25761],[34.66462,31.25948],[34.66224,31.25862],[34.66194,31.26015],[34.65841,31.26101],[34.65819,31.26371],[34.65526,31.26439],[34.65327,31.26759],[34.64471,31.27148],[34.64065,31.27187],[34.63733,31.26857],[34.63443,31.27068],[34.62105,31.2582],[34.62616,31.25437],[34.60484,31.23546],[34.60614,31.21252],[34.6359,31.21354],[34.63622,31.20956],[34.63379,31.20193],[34.62929,31.19901],[34.62737,31.19516],[34.62376,31.19318],[34.62337,31.18507],[34.61676,31.18159],[34.60699,31.18361],[34.60043,31.1888],[34.59378,31.18925],[34.58696,31.19625],[34.58401,31.19405],[34.56788,31.19184],[34.56272,31.19603],[34.55159,31.19827],[34.54643,31.20504],[34.54597,31.20079],[34.54027,31.19597],[34.55408,31.18633],[34.55064,31.18458],[34.54963,31.18521],[34.54377,31.17899],[34.53927,31.18135],[34.5157,31.18069],[34.51758,31.18227],[34.5153,31.18408],[34.51209,31.18139],[34.50946,31.18099],[34.50151,31.18699],[34.49395,31.18546],[34.48472,31.18665],[34.47989,31.1941],[34.47452,31.19659],[34.46175,31.19988],[34.45729,31.19768],[34.45046,31.19642],[34.43159,31.19795],[34.3949,31.19392],[34.39188,31.1952],[34.39117,31.19688],[34.37529,31.19223],[34.37667,31.18846],[34.36946,31.18436],[34.37015,31.18017],[34.37449,31.18075],[34.37461,31.16807],[34.33703,31.16283],[34.337,31.15437],[34.33556,31.1511],[34.30898,31.12169],[34.30282,31.1206],[34.27836,31.18807],[34.26743,31.2136],[34.26703,31.21736],[34.29119,31.23985],[34.31191,31.24872],[34.32506,31.25646],[34.33599,31.26662],[34.34518,31.27928],[34.36693,31.29009],[34.37412,31.30727],[34.36488,31.36103],[34.36663,31.36849],[34.36812,31.3699],[34.3714,31.36982],[34.37119,31.37227],[34.37339,31.37425],[34.37389,31.37873],[34.37945,31.38551],[34.38047,31.38959],[34.38843,31.39624],[34.40208,31.41134],[34.41175,31.41601],[34.41459,31.41953],[34.42394,31.42632],[34.4267,31.42741],[34.42734,31.42617],[34.43376,31.4328],[34.4361,31.43265],[34.4366,31.43422],[34.44662,31.43877],[34.45983,31.44274]]]}},
{"type":"Feature","properties":{"TahanaName":"מרחב אילת","TahanaShortName":"אילת","MerhavName":"אילת","MahozName":"דרום"},"geometry":{"type":"Polygon","coordinates":[[[34.69276,30.38797],[34.69822,30.38632],[34.69844,30.38203],[34.70363,30.38277],[34.70563,30.38188],[34.70671,30.38032],[34.7052,30.37206],[34.71085,30.36817],[34.72043,30.36986],[34.7258,30.36825],[34.73579,30.37289],[34.74047,30.37327],[34.74926,30.3798],[34.75544,30.37673],[34.761,30.37732],[34.76438,30.37428],[34.76847,30.37635],[34.78061,30.37212],[34.78633,30.37269],[34.78875,30.36934],[34.79101,30.36853],[34.79451,30.37047],[34.80616,30.37024],[34.81767,30.37314],[34.82195,30.37021],[34.82772,30.36953],[34.83572,30.37394],[34.8376,30.37355],[34.83934,30.3706],[34.84237,30.37359],[34.84577,30.37349],[34.84845,30.37073],[34.84904,30.36574],[34.85936,30.37009],[34.86399,30.37018],[34.86573,30.36836],[34.86487,30.36098],[34.86706,30.3559],[34.87387,30.35413],[34.88123,30.35473],[34.88649,30.35296],[34.89572,30.34645],[34.89607,30.34404],[34.90583,30.33932],[34.90863,30.3389],[34.91262,30.34068],[34.92135,30.34155],[34.9306,30.34065],[34.94789,30.32982],[34.95412,30.32853],[34.95673,30.32143],[34.96713,30.31991],[34.9677,30.31215],[34.9693,30.30908],[34.96619,30.30358],[34.96675,30.30116],[34.98157,30.29563],[34.98539,30.28918],[34.9941,30.2895],[34.99707,30.28857],[35.00167,30.28017],[35.00735,30.27833],[35.02093,30.2774],[35.02727,30.27939],[35.05239,30.27966],[35.06895,30.28435],[35.07976,30.28972],[35.10306,30.2917],[35.1188,30.29826],[35.13253,30.30111],[35.13416,30.30248],[35.13214,30.30355],[35.13326,30.30549],[35.13233,30.30807],[35.1339,30.30876],[35.13664,30.30797],[35.139,30.31066],[35.15067,30.30696],[35.15527,30.30999],[35.16019,30.31014],[35.14455,30.29109],[35.13976,30.27808],[35.13951,30.27164],[35.14909,30.23792],[35.15328,30.20826],[35.15243,30.18962],[35.14764,30.16957],[35.14556,30.16546],[35.1453,30.161],[35.15033,30.15459],[35.15045,30.1462],[35.15539,30.13735],[35.15521,30.13054],[35.15782,30.12412],[35.14897,30.08976],[35.14965,30.07892],[35.14511,30.06509],[35.13949,30.06057],[35.12925,30.05714],[35.12528,30.05414],[35.112,30.03691],[35.10001,30.01797],[35.10168,30.01379],[35.11191,30.0066],[35.11661,30.00156],[35.11898,29.99651],[35.11853,29.99377],[35.11532,29.99105],[35.10498,29.98794],[35.10131,29.98559],[35.09345,29.9728],[35.09345,29.96246],[35.08368,29.9563],[35.08052,29.95191],[35.08056,29.94763],[35.08509,29.939],[35.08075,29.92901],[35.08028,29.92491],[35.08501,29.90523],[35.08563,29.8873],[35.08106,29.87829],[35.07983,29.87228],[35.06677,29.85253],[35.06181,29.84256],[35.04435,29.78718],[35.03212,29.77266],[35.02642,29.75778],[35.02106,29.73465],[35.0209,29.71717],[35.01911,29.70551],[35.02218,29.67561],[35.02177,29.65398],[35.01835,29.64772],[35.01608,29.6393],[34.99968,29.61849],[34.97893,29.57815],[34.97804,29.54262],[34.96764,29.54613],[34.96785,29.54741],[34.96741,29.54572],[34.9626,29.54838],[34.96083,29.54785],[34.95951,29.54914],[34.95478,29.5497],[34.95159,29.54327],[34.94478,29.5379],[34.94201,29.53365],[34.94294,29.53308],[34.93989,29.52938],[34.92624,29.51677],[34.92658,29.5133],[34.92391,29.51165],[34.92305,29.5093],[34.91868,29.50508],[34.91819,29.50259],[34.91377,29.49858],[34.9074,29.49562],[34.90247,29.49058],[34.9037,29.49351],[34.89544,29.51255],[34.88494,29.5276],[34.87851,29.5434],[34.87268,29.57941],[34.86639,29.59723],[34.87706,29.61326],[34.87866,29.64359],[34.85578,29.68979],[34.84934,29.76062],[34.82674,29.80774],[34.78984,29.90055],[34.75054,30.00838],[34.72211,30.07929],[34.7194,30.08964],[34.68964,30.15899],[34.6629,30.23475],[34.6106,30.37235],[34.59802,30.37846],[34.606,30.37747],[34.6138,30.37942],[34.6259,30.37822],[34.62968,30.37918],[34.63644,30.37627],[34.64076,30.3762],[34.64525,30.37962],[34.64625,30.38188],[34.65186,30.3836],[34.66674,30.38424],[34.67044,30.386],[34.67629,30.38366],[34.67705,30.38754],[34.68348,30.386],[34.69276,30.38797]]]}},
{"type":"Feature","properties":{"TahanaName":"תחנת אריאל","TahanaShortName":"אריאל","MerhavName":"שומרון","MahozName":"ש\"י"},"geometry":{"type":"Polygon","coordinates":[[[35.22392,32.55204],[35.23693,32.53577],[35.25247,32.52303],[35.27461,32.51493],[35.29205,32.51003],[35.30739,32.50934],[35.3104,32.51126],[35.33277,32.51528],[35.34083,32.51844],[35.34622,32.5165],[35.34927,32.51815],[35.3488,32.51526],[35.35019,32.5145],[35.35224,32.5162],[35.35431,32.51564],[35.35549,32.51899],[35.36083,32.51761],[35.36182,32.51545],[35.36637,32.51669],[35.36852,32.51453],[35.37168,32.51459],[35.37528,32.51297],[35.37559,32.51176],[35.37291,32.50912],[35.37389,32.50728],[35.3823,32.50698],[35.38554,32.50538],[35.38988,32.50537],[35.40237,32.50202],[35.40462,32.49892],[35.40454,32.49532],[35.4064,32.49325],[35.40558,32.49113],[35.40778,32.48882],[35.40534,32.48371],[35.40763,32.48194],[35.40974,32.47654],[35.41547,32.46964],[35.41665,32.46406],[35.41917,32.46259],[35.42117,32.45859],[35.41647,32.45579],[35.41583,32.45305],[35.41246,32.45298],[35.41211,32.44817],[35.40897,32.44959],[35.40631,32.44899],[35.40523,32.45151],[35.40388,32.45165],[35.40383,32.44672],[35.40078,32.44604],[35.39952,32.44355],[35.40412,32.43901],[35.40177,32.43477],[35.40672,32.43485],[35.4069,32.4316],[35.41215,32.43247],[35.41784,32.43086],[35.41558,32.42806],[35.41754,32.42608],[35.41561,32.4246],[35.41888,32.42163],[35.41532,32.42021],[35.41341,32.41634],[35.40735,32.41581],[35.40496,32.41685],[35.4059,32.41312],[35.40288,32.41327],[35.40179,32.41208],[35.40287,32.41106],[35.4055,32.41191],[35.40436,32.40447],[35.39836,32.40498],[35.39561,32.40697],[35.38985,32.40403],[35.38895,32.40205],[35.39341,32.39519],[35.39375,32.39213],[35.39534,32.39216],[35.41075,32.38197],[35.40555,32.37644],[35.40255,32.37104],[35.40373,32.36867],[35.41068,32.36874],[35.41342,32.36991],[35.41473,32.36911],[35.41348,32.36743],[35.41446,32.36444],[35.41288,32.35927],[35.41507,32.35252],[35.41207,32.34884],[35.41615,32.34701],[35.417,32.34544],[35.42388,32.34364],[35.4299,32.33633],[35.4291,32.3345],[35.43302,32.33231],[35.43397,32.3312],[35.43331,32.32888],[35.43502,32.32861],[35.43709,32.32595],[35.44263,32.32462],[35.44683,32.32524],[35.45026,32.32327],[35.45821,32.3231],[35.46421,32.31692],[35.4711,32.30497],[35.47564,32.29231],[35.45922,32.28187],[35.46177,32.27877],[35.46925,32.27693],[35.46875,32.26829],[35.47226,32.26319],[35.46763,32.25956],[35.46974,32.25793],[35.46901,32.25374],[35.47037,32.25192],[35.45748,32.24721],[35.45123,32.24726],[35.44547,32.24576],[35.44218,32.23912],[35.44334,32.23421],[35.44827,32.22716],[35.44925,32.22321],[35.45059,32.20919],[35.44942,32.20696],[35.44465,32.2073],[35.43877,32.21217],[35.43605,32.21296],[35.43497,32.21605],[35.43242,32.21954],[35.42659,32.22332],[35.42522,32.22652],[35.42639,32.22331],[35.43205,32.21967],[35.43493,32.21551],[35.43203,32.21428],[35.43318,32.21246],[35.4305,32.21125],[35.4235,32.21022],[35.42264,32.21241],[35.41957,32.20963],[35.42332,32.20825],[35.42495,32.2023],[35.42213,32.19811],[35.42295,32.19668],[35.42569,32.19611],[35.42631,32.19416],[35.42449,32.1902],[35.43007,32.1872],[35.42894,32.18472],[35.42983,32.17924],[35.43243,32.17664],[35.43388,32.17255],[35.4327,32.17083],[35.42907,32.16976],[35.42645,32.16623],[35.41737,32.17058],[35.41413,32.16801],[35.41475,32.16042],[35.41312,32.15418],[35.41348,32.14194],[35.41054,32.12957],[35.41072,32.11841],[35.40407,32.11904],[35.40671,32.1166],[35.40592,32.11391],[35.40162,32.11121],[35.39919,32.11241],[35.39929,32.10963],[35.3955,32.10885],[35.39589,32.10763],[35.39379,32.10728],[35.38904,32.10987],[35.38734,32.10952],[35.38723,32.10738],[35.39033,32.10394],[35.38655,32.10387],[35.38743,32.10296],[35.38595,32.10162],[35.38655,32.10042],[35.38163,32.09549],[35.38043,32.08987],[35.37393,32.08448],[35.37355,32.07489],[35.36848,32.07419],[35.36762,32.07265],[35.3638,32.07129],[35.35888,32.07314],[35.35345,32.07325],[35.35523,32.06642],[35.35311,32.05461],[35.34802,32.05898],[35.34462,32.0584],[35.34815,32.06072],[35.34793,32.06547],[35.3401,32.07113],[35.33481,32.06875],[35.33046,32.06844],[35.32774,32.06869],[35.32874,32.07086],[35.32764,32.07154],[35.32416,32.06739],[35.31925,32.06887],[35.31528,32.07295],[35.30955,32.07054],[35.30392,32.07498],[35.30304,32.07391],[35.30092,32.07506],[35.29933,32.07365],[35.29791,32.07558],[35.29522,32.07497],[35.29336,32.07596],[35.29068,32.07382],[35.29024,32.07734],[35.28636,32.07953],[35.28084,32.0804],[35.27761,32.08213],[35.2766,32.08064],[35.27642,32.08154],[35.27404,32.08087],[35.27662,32.08907],[35.27326,32.0897],[35.27028,32.09337],[35.26599,32.09068],[35.26895,32.08515],[35.26529,32.08448],[35.26482,32.08208],[35.26295,32.08062],[35.26375,32.07975],[35.25979,32.07467],[35.25924,32.07528],[35.25368,32.07241],[35.2509,32.07504],[35.25102,32.07729],[35.25242,32.07802],[35.25119,32.07813],[35.25085,32.0813],[35.24584,32.07955],[35.23929,32.08028],[35.2327,32.07878],[35.22841,32.07489],[35.22199,32.07632],[35.21778,32.08158],[35.21684,32.08059],[35.21813,32.07867],[35.21407,32.0808],[35.21108,32.07976],[35.20935,32.08091],[35.20572,32.07995],[35.19981,32.08053],[35.1959,32.0756],[35.19514,32.06929],[35.20721,32.06838],[35.20581,32.06523],[35.20799,32.06412],[35.20716,32.06212],[35.20966,32.06016],[35.21152,32.05453],[35.2102,32.05275],[35.21218,32.05158],[35.21009,32.04905],[35.20673,32.04961],[35.20277,32.04746],[35.19913,32.05117],[35.19581,32.0517],[35.19467,32.05445],[35.18953,32.05349],[35.18641,32.0577],[35.18156,32.05718],[35.18,32.05544],[35.17671,32.05655],[35.17395,32.0628],[35.16593,32.05813],[35.16446,32.05416],[35.16044,32.05543],[35.16016,32.05228],[35.1581,32.05486],[35.15339,32.05359],[35.14924,32.05503],[35.14994,32.05087],[35.14792,32.04909],[35.14424,32.05194],[35.14091,32.05238],[35.13711,32.0563],[35.13623,32.05214],[35.13429,32.05128],[35.13646,32.04769],[35.1351,32.04749],[35.13544,32.04373],[35.13376,32.04252],[35.1299,32.04426],[35.1291,32.04731],[35.12324,32.04866],[35.1225,32.05154],[35.12537,32.05548],[35.12504,32.05746],[35.11949,32.05906],[35.1168,32.06206],[35.11218,32.0644],[35.10953,32.06371],[35.10532,32.05876],[35.09838,32.05829],[35.09422,32.05626],[35.09126,32.05714],[35.08681,32.06186],[35.08293,32.06012],[35.07682,32.06007],[35.07626,32.0577],[35.08147,32.05199],[35.07738,32.04881],[35.07647,32.04385],[35.07511,32.04293],[35.07243,32.04386],[35.06975,32.04801],[35.06585,32.04444],[35.06294,32.04687],[35.05981,32.04714],[35.05757,32.05194],[35.05564,32.05051],[35.05765,32.04766],[35.0568,32.04586],[35.05167,32.04492],[35.04917,32.04958],[35.04202,32.04832],[35.04055,32.04994],[35.04121,32.05326],[35.03927,32.05408],[35.0349,32.05245],[35.031,32.05276],[35.02706,32.0573],[35.02185,32.05585],[35.01875,32.06056],[35.01681,32.06151],[35.01282,32.06089],[35.01179,32.05675],[35.00649,32.06195],[35.00519,32.05704],[34.99937,32.05591],[34.99551,32.05213],[35.00327,32.06231],[35.00236,32.06412],[34.99497,32.06707],[34.99692,32.0721],[35.00183,32.07646],[35.00228,32.08188],[35.0054,32.08313],[35.01519,32.08046],[35.01866,32.08384],[35.01448,32.08747],[35.01394,32.09188],[35.01074,32.0937],[35.0121,32.09948],[35.01113,32.10222],[35.00481,32.10503],[35.00556,32.10737],[34.99994,32.10666],[35.00011,32.10526],[34.99827,32.10645],[34.99601,32.10617],[34.998,32.10806],[34.99655,32.11217],[34.99309,32.11534],[34.99407,32.11989],[34.98884,32.11933],[34.98557,32.12319],[34.98489,32.13061],[34.9887,32.13399],[34.98672,32.13944],[34.98879,32.13988],[34.98995,32.14233],[34.98739,32.14748],[34.98753,32.14992],[34.98574,32.15032],[34.98433,32.1486],[34.97338,32.15137],[34.9772,32.15857],[34.97438,32.16244],[34.97019,32.16518],[34.97031,32.16703],[34.96719,32.16892],[34.96409,32.16911],[34.96438,32.17325],[34.96146,32.17287],[34.95974,32.17522],[34.9573,32.19067],[34.96358,32.20013],[34.97456,32.20074],[34.98481,32.20674],[34.98913,32.20746],[34.99182,32.21319],[35.00788,32.22695],[35.01084,32.2307],[35.01011,32.23217],[35.01333,32.23428],[35.01327,32.23603],[35.01902,32.23613],[35.01944,32.24104],[35.01569,32.2426],[35.01718,32.24645],[35.01421,32.24667],[35.02346,32.25135],[35.02372,32.2572],[35.02651,32.25988],[35.02958,32.25996],[35.03087,32.26184],[35.03196,32.27274],[35.03021,32.27532],[35.03705,32.275],[35.03909,32.28063],[35.03821,32.28197],[35.02784,32.28272],[35.02128,32.28186],[35.01508,32.28498],[35.01588,32.29077],[35.0105,32.2934],[35.01607,32.3198],[35.0166,32.33811],[35.01843,32.34009],[35.02874,32.3408],[35.03041,32.34201],[35.02981,32.34473],[35.03111,32.34622],[35.03569,32.34655],[35.04038,32.34888],[35.04185,32.35084],[35.04428,32.35023],[35.04576,32.35263],[35.04708,32.35135],[35.0477,32.35303],[35.05064,32.35297],[35.0564,32.35525],[35.06015,32.36046],[35.05945,32.36278],[35.05129,32.36733],[35.05266,32.3787],[35.04437,32.38146],[35.04276,32.38475],[35.04432,32.38812],[35.04687,32.38914],[35.04685,32.39092],[35.05008,32.392],[35.04974,32.39686],[35.05395,32.4025],[35.05508,32.4117],[35.05327,32.41534],[35.05423,32.41792],[35.0579,32.42209],[35.06251,32.42297],[35.06413,32.42676],[35.0686,32.42731],[35.07114,32.43],[35.07096,32.43259],[35.0688,32.43464],[35.06907,32.4381],[35.06681,32.4407],[35.06409,32.44121],[35.06619,32.44293],[35.06495,32.44945],[35.06906,32.45348],[35.07261,32.45458],[35.07079,32.46144],[35.07227,32.46406],[35.0692,32.46585],[35.07171,32.46727],[35.07568,32.46632],[35.08399,32.46831],[35.09231,32.4761],[35.09783,32.47802],[35.10466,32.4775],[35.10729,32.47558],[35.11172,32.47775],[35.11544,32.47714],[35.11738,32.48049],[35.1189,32.47958],[35.12157,32.48014],[35.12965,32.48449],[35.12979,32.48792],[35.13963,32.48736],[35.14135,32.49189],[35.13748,32.49214],[35.13508,32.4957],[35.14551,32.49594],[35.14776,32.49822],[35.15091,32.49903],[35.15269,32.50213],[35.15795,32.50301],[35.16416,32.50645],[35.16487,32.50981],[35.16897,32.51125],[35.17021,32.51407],[35.1736,32.51571],[35.18066,32.52406],[35.18704,32.52316],[35.18965,32.52758],[35.19553,32.53084],[35.1957,32.53482],[35.19816,32.53693],[35.19847,32.53882],[35.20881,32.54251],[35.21219,32.54178],[35.21019,32.54357],[35.21204,32.54477],[35.21411,32.54325],[35.2186,32.54904],[35.22392,32.55204]]]}},
{"type":"Feature","properties":{"TahanaName":"תחנת אשדוד","TahanaShortName":"אשדוד","MerhavName":"לכיש","MahozName":"דרום"},"geometry":{"type":"Polygon","coordinates":[[[34.68549,31.86925],[34.71086,31.85539],[34.70989,31.83761],[34.7027,31.82708],[34.70694,31.8234],[34.68637,31.79602],[34.66906,31.77987],[34.66791,31.77592],[34.66967,31.77384],[34.66788,31.77053],[34.6677,31.76115],[34.66353,31.75263],[34.65146,31.7495],[34.64485,31.73954],[34.63572,31.74241],[34.6305,31.74698],[34.61803,31.75175],[34.61746,31.75059],[34.61547,31.7514],[34.61327,31.75493],[34.60704,31.75687],[34.62602,31.78946],[34.62704,31.79238],[34.62538,31.79464],[34.62562,31.7981],[34.62613,31.79844],[34.62558,31.79567],[34.6268,31.79311],[34.6289,31.79451],[34.62686,31.79376],[34.62822,31.79437],[34.62663,31.79412],[34.62806,31.79474],[34.6264,31.79448],[34.62763,31.79501],[34.62656,31.79507],[34.62658,31.7959],[34.62804,31.79493],[34.62834,31.7961],[34.62895,31.7946],[34.62935,31.79608],[34.62596,31.79631],[34.6291,31.79689],[34.63173,31.79988],[34.6401,31.81721],[34.63638,31.82092],[34.63439,31.82615],[34.63725,31.83436],[34.63621,31.83796],[34.63757,31.84335],[34.63701,31.84843],[34.65727,31.84812],[34.66537,31.86343],[34.66913,31.86438],[34.67077,31.86368],[34.68549,31.86925]]]}},
{"type":"Feature","properties":{"TahanaName":"תחנת אשקלון","TahanaShortName":"אשקלון","MerhavName":"לכיש","MahozName":"דרום"},"geometry":{"type":"Polygon","coordinates":[[[34.61268,31.75528],[34.6149,31.75326],[34.61547,31.7514],[34.61746,31.75059],[34.61803,31.75175],[34.6305,31.74698],[34.63572,31.74241],[34.64485,31.73954],[34.63655,31.7238],[34.63203,31.71913],[34.61493,31.69506],[34.61018,31.68429],[34.60992,31.67641],[34.61098,31.67623],[34.60702,31.66996],[34.60685,31.66615],[34.60803,31.66559],[34.6069,31.6656],[34.6061,31.66167],[34.6001,31.65619],[34.59953,31.65344],[34.59483,31.64831],[34.58558,31.62728],[34.57771,31.62868],[34.57285,31.62413],[34.56809,31.622],[34.56508,31.61784],[34.54093,31.61925],[34.53544,31.62117],[34.53398,31.61992],[34.52973,31.62105],[34.52533,31.61633],[34.5206,31.61907],[34.51068,31.62183],[34.51903,31.633],[34.51694,31.63706],[34.5186,31.63931],[34.52021,31.64071],[34.51822,31.63806],[34.5191,31.63776],[34.51748,31.63714],[34.52053,31.63531],[34.52194,31.63658],[34.52111,31.63765],[34.52336,31.63675],[34.5239,31.63776],[34.5211,31.63844],[34.52138,31.63972],[34.5233,31.63862],[34.52569,31.64021],[34.54105,31.66122],[34.54295,31.66217],[34.55133,31.67411],[34.55211,31.67732],[34.55432,31.6786],[34.55354,31.6817],[34.55581,31.68524],[34.55631,31.68391],[34.55876,31.68414],[34.56399,31.68964],[34.60704,31.75687],[34.61268,31.75528]]]}},
{"type":"Feature","properties":{"TahanaName":"תחנת באקה אל-גרביה","TahanaShortName":"באקה אל ע'רביה","MerhavName":"מנשה","MahozName":"חוף"},"geometry":{"type":"Polygon","coordinates":[[[35.03703,32.47302],[35.03514,32.46566],[35.03708,32.45692],[35.03661,32.44806],[35.04455,32.44792],[35.05322,32.44387],[35.06478,32.44554],[35.06619,32.44293],[35.06414,32.44105],[35.06681,32.4407],[35.06903,32.43816],[35.0688,32.43464],[35.0711,32.43213],[35.07113,32.42998],[35.06901,32.42757],[35.06413,32.42676],[35.06251,32.42297],[35.0579,32.42209],[35.05423,32.41792],[35.05327,32.41534],[35.05508,32.4117],[35.05395,32.4025],[35.04974,32.39686],[35.05008,32.392],[35.04685,32.39092],[35.04687,32.38914],[35.04432,32.38812],[35.04285,32.38514],[35.04424,32.38155],[35.05251,32.37888],[35.05246,32.37563],[35.04238,32.37777],[35.02923,32.37649],[35.02688,32.37883],[35.02326,32.37858],[35.0222,32.3811],[35.01892,32.38278],[35.01688,32.378],[35.01588,32.37831],[35.01834,32.38477],[35.01256,32.38756],[35.01052,32.38998],[35.0053,32.39003],[35.00334,32.38007],[34.99689,32.39336],[34.98191,32.40133],[34.98546,32.40419],[34.98558,32.40845],[34.99921,32.41414],[34.99282,32.42264],[34.99584,32.42406],[34.99555,32.43104],[35.00198,32.44049],[34.9966,32.44025],[34.99656,32.44157],[34.99962,32.44277],[35.00184,32.44607],[35.00972,32.45102],[35.00986,32.45571],[35.01318,32.46226],[35.01736,32.46624],[35.01343,32.46669],[35.0123,32.46529],[35.00384,32.46507],[35.00385,32.46641],[35.00841,32.46634],[35.01066,32.46885],[35.014,32.46814],[35.01404,32.46678],[35.01916,32.46652],[35.02009,32.46986],[35.02333,32.46711],[35.02311,32.46839],[35.02523,32.46886],[35.0248,32.47115],[35.03703,32.47302]]]}},
{"type":"Feature","properties":{"TahanaName":"תחנת באר שבע","TahanaShortName":"באר-שבע","MerhavName":"נגב מערבי","MahozName":"דרום"},"geometry":{"type":"Polygon","coordinates":[[[34.78804,31.31138],[34.81944,31.3016],[34.82464,31.29792],[34.8269,31.29236],[34.82607,31.28075],[34.83077,31.26335],[34.83297,31.26157],[34.82998,31.25956],[34.82887,31.24865],[34.83259,31.23646],[34.8252,31.21314],[34.82062,31.21485],[34.81878,31.21381],[34.81742,31.21465],[34.81528,31.21148],[34.81538,31.20489],[34.8136,31.20434],[34.80768,31.20337],[34.80495,31.2093],[34.80222,31.20881],[34.80521,31.19254],[34.80297,31.18949],[34.8026,31.18625],[34.80658,31.17835],[34.80397,31.16746],[34.79825,31.16834],[34.79169,31.16583],[34.78216,31.16828],[34.78079,31.16767],[34.77663,31.16981],[34.7747,31.16895],[34.76943,31.16941],[34.76119,31.16576],[34.74633,31.16451],[34.73884,31.16031],[34.73036,31.15854],[34.7273,31.1605],[34.72289,31.1677],[34.71134,31.1724],[34.70345,31.16402],[34.70142,31.16325],[34.69165,31.16685],[34.68953,31.17109],[34.68608,31.17365],[34.6882,31.17882],[34.6865,31.18849],[34.68155,31.18973],[34.67791,31.19332],[34.67256,31.19431],[34.67116,31.19682],[34.66789,31.19729],[34.66483,31.19936],[34.65201,31.19781],[34.64556,31.1999],[34.63592,31.19725],[34.63261,31.1979],[34.63061,31.19564],[34.62738,31.19507],[34.62729,31.19654],[34.63379,31.20193],[34.63536,31.20503],[34.6359,31.21354],[34.60614,31.21252],[34.60484,31.23546],[34.62616,31.25437],[34.62105,31.2582],[34.63443,31.27068],[34.63733,31.26857],[34.64058,31.27186],[34.64471,31.27148],[34.65355,31.26741],[34.65526,31.26439],[34.65819,31.26371],[34.65841,31.26101],[34.66194,31.26015],[34.66224,31.25862],[34.66462,31.25948],[34.67212,31.25761],[34.6739,31.25602],[34.69382,31.25631],[34.69398,31.26772],[34.69731,31.27515],[34.69676,31.28417],[34.69914,31.28904],[34.69805,31.29397],[34.70184,31.29966],[34.7058,31.29816],[34.70735,31.30065],[34.70615,31.30138],[34.70868,31.30423],[34.71156,31.30014],[34.72327,31.29886],[34.73276,31.3011],[34.73558,31.29642],[34.74176,31.29555],[34.78632,31.3091],[34.78826,31.30978],[34.78804,31.31138]]]}},
{"type":"Feature","properties":{"TahanaName":"תחנת בית שאן","TahanaShortName":"בית-שאן","MerhavName":"עמקים","MahozName":"צפון"},"geometry":{"type":"Polygon","coordinates":[[[35.54588,32.68379],[35.55729,32.68221],[35.56007,32.68365],[35.56162,32.68227],[35.55674,32.677],[35.55643,32.67452],[35.55797,32.6727],[35.5606,32.67212],[35.5639,32.66704],[35.56442,32.6608],[35.56613,32.65767],[35.56949,32.6555],[35.56985,32.65419],[35.56877,32.65381],[35.56989,32.65406],[35.57056,32.65175],[35.56986,32.64917],[35.57325,32.64547],[35.57279,32.64477],[35.57118,32.64625],[35.56514,32.6477],[35.56133,32.64612],[35.56244,32.64456],[35.56739,32.64407],[35.56798,32.64174],[35.56645,32.63925],[35.56078,32.6377],[35.56171,32.63631],[35.56742,32.63443],[35.56796,32.63318],[35.5665,32.62981],[35.56288,32.62835],[35.5615,32.62503],[35.56426,32.62483],[35.56742,32.62222],[35.57244,32.61386],[35.57249,32.60591],[35.56653,32.60356],[35.56709,32.5966],[35.56926,32.59613],[35.57201,32.59815],[35.57647,32.59805],[35.57825,32.59653],[35.57592,32.587],[35.57795,32.58066],[35.57658,32.56789],[35.57474,32.56576],[35.5709,32.56676],[35.57026,32.56495],[35.5772,32.5572],[35.5758,32.55447],[35.57728,32.55225],[35.57267,32.54912],[35.57107,32.55078],[35.57148,32.55228],[35.56858,32.5512],[35.56829,32.54911],[35.57035,32.54893],[35.57152,32.54735],[35.5716,32.54548],[35.56952,32.54389],[35.5717,32.54033],[35.5663,32.53917],[35.56457,32.54473],[35.56114,32.54498],[35.56312,32.53934],[35.56052,32.53837],[35.55924,32.53187],[35.56306,32.53067],[35.56385,32.52623],[35.56747,32.52735],[35.56712,32.52479],[35.56434,32.52113],[35.55556,32.52137],[35.55451,32.52001],[35.55572,32.51719],[35.55265,32.51479],[35.56012,32.50974],[35.56016,32.50736],[35.56172,32.50856],[35.56129,32.51371],[35.56249,32.51457],[35.56451,32.50729],[35.56144,32.5043],[35.55798,32.5038],[35.55808,32.50258],[35.56423,32.50168],[35.56678,32.4981],[35.57031,32.49976],[35.57599,32.49671],[35.58031,32.48775],[35.57764,32.48734],[35.57564,32.4845],[35.56553,32.48116],[35.56913,32.47912],[35.57,32.47717],[35.56859,32.47552],[35.56463,32.47428],[35.56463,32.4712],[35.56705,32.47158],[35.5675,32.46958],[35.56548,32.46744],[35.56301,32.46858],[35.56256,32.46664],[35.56381,32.46542],[35.56213,32.46512],[35.56232,32.46354],[35.56694,32.46088],[35.56775,32.46198],[35.56979,32.46109],[35.57066,32.46177],[35.57398,32.45874],[35.57126,32.4558],[35.57068,32.45318],[35.56647,32.45292],[35.56727,32.44536],[35.56484,32.44177],[35.56738,32.44227],[35.56835,32.44113],[35.56606,32.43596],[35.56232,32.43369],[35.5582,32.43617],[35.55568,32.43083],[35.55722,32.42754],[35.56218,32.42552],[35.56238,32.42398],[35.55297,32.42597],[35.55174,32.42218],[35.55266,32.41863],[35.55769,32.41942],[35.55923,32.41844],[35.55652,32.41522],[35.5613,32.4114],[35.55965,32.40999],[35.55807,32.41048],[35.5589,32.40857],[35.55757,32.40749],[35.56063,32.40124],[35.55385,32.39991],[35.55427,32.40255],[35.5509,32.40404],[35.5466,32.401],[35.54998,32.39577],[35.54964,32.39324],[35.55464,32.39084],[35.55297,32.38885],[35.54719,32.38909],[35.54223,32.3876],[35.52956,32.39365],[35.49681,32.40126],[35.49508,32.40003],[35.4941,32.40187],[35.47934,32.41063],[35.47576,32.40893],[35.46936,32.40859],[35.45738,32.40575],[35.45549,32.40386],[35.45031,32.4048],[35.44665,32.40897],[35.44454,32.40634],[35.43988,32.40502],[35.44011,32.40352],[35.43434,32.40009],[35.43297,32.40129],[35.43316,32.40455],[35.4309,32.40164],[35.43023,32.40742],[35.42905,32.40845],[35.42715,32.40522],[35.42508,32.40584],[35.42399,32.40481],[35.41855,32.40963],[35.41655,32.40805],[35.41165,32.41127],[35.40983,32.40906],[35.40829,32.411],[35.40183,32.41177],[35.40279,32.41324],[35.4059,32.41312],[35.40506,32.41693],[35.40735,32.41581],[35.41341,32.41634],[35.41532,32.42021],[35.41889,32.42179],[35.41561,32.4246],[35.41754,32.42608],[35.41558,32.42806],[35.41791,32.43078],[35.41215,32.43247],[35.4069,32.4316],[35.40672,32.43485],[35.4017,32.43481],[35.40415,32.43889],[35.39962,32.44433],[35.40097,32.44617],[35.40383,32.44672],[35.40311,32.44919],[35.40413,32.45175],[35.40631,32.44899],[35.40897,32.44959],[35.41222,32.44823],[35.41246,32.45298],[35.41583,32.45305],[35.41647,32.45579],[35.42118,32.45866],[35.41917,32.46259],[35.41665,32.46406],[35.41547,32.46964],[35.40974,32.47654],[35.40763,32.48194],[35.40534,32.48371],[35.40778,32.48882],[35.40558,32.49113],[35.4064,32.49325],[35.40454,32.49532],[35.40458,32.499],[35.40042,32.50404],[35.40256,32.509],[35.39755,32.51455],[35.40693,32.51204],[35.40716,32.51552],[35.41173,32.51451],[35.4137,32.51657],[35.41946,32.51843],[35.41771,32.52124],[35.41895,32.52339],[35.41306,32.52964],[35.41603,32.53857],[35.41653,32.54593],[35.41388,32.54825],[35.42506,32.54696],[35.42626,32.55326],[35.43144,32.55699],[35.43643,32.56785],[35.44174,32.56296],[35.44453,32.5574],[35.44839,32.55871],[35.45171,32.55802],[35.45417,32.57133],[35.45657,32.57145],[35.4573,32.57345],[35.4518,32.58677],[35.45003,32.5866],[35.44472,32.58933],[35.44232,32.59197],[35.44906,32.60175],[35.45303,32.60039],[35.45211,32.60498],[35.4571,32.605],[35.4612,32.60322],[35.47698,32.60095],[35.48298,32.59895],[35.48437,32.60488],[35.48609,32.60572],[35.48625,32.60769],[35.48868,32.60756],[35.48877,32.61667],[35.49131,32.61768],[35.49481,32.61728],[35.49341,32.61868],[35.49547,32.61854],[35.49558,32.62047],[35.49259,32.6221],[35.49299,32.62474],[35.49926,32.62393],[35.50575,32.62023],[35.51254,32.61932],[35.51833,32.61688],[35.52221,32.61748],[35.52542,32.61557],[35.5301,32.61638],[35.53337,32.61364],[35.53559,32.61353],[35.53629,32.6116],[35.543,32.61032],[35.54393,32.61451],[35.54678,32.6165],[35.54928,32.62407],[35.5467,32.6261],[35.55285,32.62862],[35.55412,32.63071],[35.55499,32.62952],[35.55548,32.6325],[35.55488,32.63679],[35.55127,32.63816],[35.55184,32.64004],[35.55049,32.64152],[35.55175,32.64322],[35.54534,32.64539],[35.55174,32.64927],[35.55191,32.65131],[35.55528,32.65376],[35.54971,32.65243],[35.54597,32.65418],[35.54543,32.65576],[35.54663,32.65677],[35.54655,32.66141],[35.5446,32.66387],[35.54765,32.66376],[35.54816,32.66471],[35.54549,32.66975],[35.54255,32.67136],[35.54288,32.67464],[35.54086,32.67676],[35.54429,32.67922],[35.54588,32.68379]]]}},
{"type":"Feature","properties":{"TahanaName":"תחנת בית שמש","TahanaShortName":"בית-שמש","MerhavName":"ציון","MahozName":"ירושלים"},"geometry":{"type":"Polygon","coordinates":[[[35.01731,31.76878],[35.02323,31.76677],[35.02266,31.76415],[35.01874,31.76125],[35.0202,31.75978],[35.01944,31.758],[35.01637,31.75756],[35.01054,31.76091],[35.00882,31.75961],[35.00896,31.75674],[34.99932,31.75664],[35.00309,31.74842],[35.00143,31.74362],[35.00261,31.73857],[34.99933,31.73537],[34.9958,31.73477],[34.99419,31.73568],[34.99336,31.73362],[34.99538,31.72966],[34.9976,31.72936],[34.99732,31.72849],[34.99938,31.72946],[35.00081,31.728],[35.00388,31.72801],[35.0045,31.73069],[35.00358,31.73108],[35.00505,31.73177],[35.00923,31.72387],[35.00893,31.71741],[35.00593,31.70975],[35.00842,31.70544],[35.0095,31.69811],[35.01119,31.69663],[35.00989,31.6939],[35.00727,31.69432],[35.00286,31.69066],[34.99855,31.69141],[34.99744,31.68798],[34.99505,31.68702],[34.9893,31.68772],[34.98929,31.68904],[34.98599,31.68853],[34.98538,31.69188],[34.97717,31.69049],[34.97767,31.69219],[34.96919,31.69278],[34.96931,31.69379],[34.96627,31.69436],[34.96223,31.69321],[34.95137,31.69355],[34.9441,31.69103],[34.94223,31.69759],[34.94476,31.70451],[34.9486,31.70654],[34.9505,31.70927],[34.95507,31.70933],[34.95944,31.7114],[34.96423,31.72064],[34.96035,31.72289],[34.96122,31.7264],[34.95924,31.72992],[34.95699,31.72974],[34.95481,31.73205],[34.95078,31.7337],[34.94754,31.73778],[34.94722,31.7408],[34.95647,31.74129],[34.96101,31.7375],[34.96515,31.73815],[34.96878,31.73715],[34.97309,31.74087],[34.97354,31.74659],[34.97927,31.75408],[34.98951,31.75885],[34.99488,31.76305],[34.9979,31.76081],[35.00577,31.76059],[35.00945,31.76277],[35.00998,31.76665],[35.01731,31.76878]]]}},
{"type":"Feature","properties":{"TahanaName":"תחנת בני ברק","TahanaShortName":"בני ברק","MerhavName":"דן","MahozName":"ת\"א"},"geometry":{"type":"Polygon","coordinates":[[[34.84376,32.1086],[34.84666,32.10677],[34.84947,32.10708],[34.84622,32.09561],[34.84745,32.09228],[34.84383,32.07397],[34.83926,32.06582],[34.84441,32.06577],[34.84483,32.06477],[34.83926,32.06403],[34.83723,32.06214],[34.83498,32.05526],[34.83644,32.05356],[34.83305,32.05269],[34.83009,32.046],[34.83028,32.03975],[34.83283,32.03737],[34.83131,32.03755],[34.82992,32.03567],[34.82898,32.02894],[34.82596,32.02447],[34.82183,32.02442],[34.81816,32.02661],[34.81341,32.03425],[34.80924,32.03337],[34.80722,32.03401],[34.80905,32.03977],[34.81279,32.04048],[34.81473,32.04356],[34.81354,32.04492],[34.81385,32.05112],[34.81049,32.05509],[34.81206,32.05871],[34.81882,32.05928],[34.81823,32.06045],[34.81976,32.06253],[34.81522,32.06545],[34.81809,32.07155],[34.8193,32.07826],[34.82075,32.07898],[34.81955,32.07905],[34.81978,32.08038],[34.81377,32.07818],[34.8115,32.08001],[34.80137,32.07894],[34.80168,32.0815],[34.80005,32.08139],[34.7991,32.08439],[34.80212,32.09334],[34.80392,32.09084],[34.80701,32.09106],[34.807,32.08972],[34.80938,32.09101],[34.80934,32.0965],[34.81285,32.09583],[34.81572,32.0983],[34.81842,32.09786],[34.81975,32.09614],[34.82253,32.09909],[34.82117,32.1014],[34.82436,32.10245],[34.8229,32.10374],[34.82663,32.10657],[34.827,32.10541],[34.83,32.1062],[34.83585,32.10543],[34.84376,32.1086]]]}},
{"type":"Feature","properties":{"TahanaName":"תחנת בנימין","TahanaShortName":"בנימין","MerhavName":"שומרון","MahozName":"ש\"י"},"geometry":{"type":"MultiPolygon","coordinates":[[[[35.1824,31.86889],[35.20291,31.86044],[35.20995,31.85559],[35.21225,31.82892],[35.21057,31.81979],[35.20702,31.82036],[35.1994,31.82464],[35.19969,31.82794],[35.19714,31.83629],[35.19599,31.83764],[35.19302,31.83745],[35.19212,31.84028],[35.18173,31.83779],[35.17792,31.84188],[35.1753,31.84252],[35.17344,31.8466],[35.17412,31.84969],[35.17193,31.85252],[35.1752,31.85374],[35.17585,31.85824],[35.18025,31.85833],[35.18479,31.86213],[35.1847,31.86416],[35.18182,31.86708],[35.1824,31.86889]]],[[[35.27073,32.09328],[35.27326,32.0897],[35.27529,32.0899],[35.27671,32.08875],[35.27404,32.08087],[35.27642,32.08154],[35.2766,32.08064],[35.27761,32.08213],[35.28084,32.0804],[35.28636,32.07953],[35.29024,32.07734],[35.29068,32.07382],[35.29336,32.07596],[35.29522,32.07497],[35.29791,32.07558],[35.29933,32.07365],[35.30092,32.07506],[35.30304,32.07391],[35.30392,32.07498],[35.30955,32.07054],[35.31528,32.07295],[35.31925,32.06887],[35.32416,32.06739],[35.32764,32.07154],[35.32874,32.07086],[35.32774,32.06869],[35.33046,32.06844],[35.33481,32.06875],[35.3401,32.07113],[35.34793,32.06547],[35.34815,32.06072],[35.34462,32.0584],[35.34802,32.05898],[35.35311,32.05461],[35.35523,32.06642],[35.35345,32.07325],[35.35888,32.07314],[35.3638,32.07129],[35.36762,32.07265],[35.36848,32.07419],[35.3732,32.07465],[35.37426,32.07613],[35.37306,32.08094],[35.37393,32.08448],[35.38048,32.08954],[35.38421,32.0741],[35.38224,32.07515],[35.38046,32.0732],[35.38276,32.06924],[35.38549,32.06865],[35.3812,32.06625],[35.38583,32.06],[35.38014,32.05674],[35.38156,32.05342],[35.37963,32.04988],[35.381,32.04847],[35.38338,32.04848],[35.3851,32.04578],[35.38287,32.04448],[35.38192,32.03922],[35.37948,32.03793],[35.38238,32.03492],[35.38039,32.03111],[35.38158,32.02982],[35.37962,32.02856],[35.38356,32.02197],[35.38732,32.02029],[35.3793,32.01496],[35.38283,32.00909],[35.37935,32.00772],[35.37821,32.00225],[35.37885,32.00053],[35.38078,32.00032],[35.37843,31.99352],[35.38119,31.99309],[35.38278,31.99154],[35.38209,31.98704],[35.3851,31.9847],[35.38162,31.97953],[35.38433,31.97887],[35.38632,31.97656],[35.38904,31.97684],[35.39077,31.97022],[35.38968,31.96897],[35.39069,31.96684],[35.39394,31.96528],[35.39247,31.96446],[35.3869,31.96484],[35.37873,31.95825],[35.38124,31.95624],[35.37799,31.95163],[35.37876,31.94744],[35.376,31.94477],[35.37548,31.94106],[35.37627,31.93626],[35.38022,31.93229],[35.37991,31.93035],[35.37502,31.92738],[35.37152,31.92979],[35.36886,31.92746],[35.372,31.92415],[35.36996,31.92212],[35.37287,31.9189],[35.37317,31.91667],[35.36447,31.91054],[35.36588,31.90716],[35.36218,31.90876],[35.35286,31.90922],[35.35006,31.90647],[35.33675,31.90302],[35.33566,31.90153],[35.33871,31.89853],[35.33794,31.89628],[35.34038,31.89419],[35.34483,31.89148],[35.35084,31.89124],[35.34533,31.88723],[35.33484,31.88786],[35.33273,31.88583],[35.33373,31.88273],[35.33152,31.8819],[35.32844,31.88253],[35.3232,31.88035],[35.32608,31.87416],[35.32397,31.87162],[35.32974,31.8658],[35.32826,31.86316],[35.33033,31.86065],[35.32855,31.85933],[35.32887,31.85814],[35.33276,31.85423],[35.3288,31.85284],[35.33161,31.85259],[35.3342,31.85058],[35.3393,31.85037],[35.34087,31.84874],[35.34414,31.83597],[35.33984,31.83661],[35.33283,31.83118],[35.33083,31.83134],[35.33029,31.83333],[35.32646,31.83114],[35.32253,31.83249],[35.31969,31.83226],[35.31848,31.83084],[35.31766,31.83328],[35.30568,31.83291],[35.29752,31.83598],[35.29606,31.8346],[35.29451,31.83541],[35.29074,31.83411],[35.29096,31.83588],[35.28957,31.83674],[35.28567,31.83524],[35.28237,31.8318],[35.27576,31.83162],[35.27621,31.82774],[35.27915,31.82769],[35.27462,31.82282],[35.27326,31.8229],[35.27444,31.81829],[35.27214,31.80901],[35.25801,31.79789],[35.26115,31.80112],[35.25664,31.80517],[35.25649,31.81167],[35.26014,31.81668],[35.26422,31.81952],[35.26816,31.81975],[35.26884,31.82159],[35.26601,31.82356],[35.26292,31.82396],[35.26198,31.82709],[35.25904,31.82718],[35.25656,31.8293],[35.25373,31.82868],[35.25085,31.83187],[35.25727,31.83873],[35.2633,31.84159],[35.26571,31.84481],[35.26545,31.84629],[35.26178,31.84931],[35.26083,31.84718],[35.25417,31.84915],[35.24946,31.84769],[35.24173,31.85006],[35.23987,31.8452],[35.23809,31.84387],[35.2292,31.84498],[35.22496,31.85227],[35.22485,31.85546],[35.22694,31.86136],[35.23145,31.8603],[35.22822,31.86277],[35.22561,31.86745],[35.22302,31.87882],[35.22022,31.88266],[35.20666,31.88128],[35.20416,31.87069],[35.20656,31.8651],[35.21146,31.86299],[35.2117,31.85978],[35.20874,31.85794],[35.19476,31.86553],[35.19412,31.86812],[35.19048,31.86743],[35.18816,31.86893],[35.18531,31.87724],[35.19083,31.87806],[35.19068,31.88109],[35.18899,31.88168],[35.18853,31.88337],[35.18671,31.88231],[35.17725,31.88253],[35.17438,31.8799],[35.17174,31.88076],[35.16886,31.87902],[35.16681,31.88076],[35.16756,31.88365],[35.16564,31.88511],[35.16425,31.88976],[35.15991,31.89158],[35.1597,31.89479],[35.15349,31.89651],[35.15715,31.89957],[35.16341,31.89868],[35.15682,31.90219],[35.15832,31.90661],[35.15626,31.90967],[35.16001,31.90874],[35.15771,31.91536],[35.16015,31.91539],[35.15932,31.92129],[35.16094,31.92153],[35.15856,31.92389],[35.15641,31.92399],[35.15855,31.9253],[35.16152,31.92463],[35.16117,31.92547],[35.16767,31.92831],[35.16308,31.92957],[35.15977,31.93281],[35.16274,31.93823],[35.1712,31.94268],[35.17253,31.94559],[35.17593,31.94775],[35.17603,31.95231],[35.17812,31.95453],[35.17568,31.95693],[35.17809,31.96216],[35.17997,31.96214],[35.18013,31.96607],[35.1785,31.96737],[35.1767,31.9666],[35.17855,31.97483],[35.17211,31.979],[35.17006,31.98234],[35.17286,31.9839],[35.17374,31.98593],[35.16919,31.99005],[35.17154,31.99616],[35.16973,31.99831],[35.17062,31.99872],[35.16885,32.00426],[35.16622,32.00738],[35.17215,32.00782],[35.17055,32.01115],[35.16695,32.01442],[35.16282,32.01478],[35.1587,32.01755],[35.16059,32.01916],[35.1571,32.02211],[35.1524,32.0208],[35.14798,32.02143],[35.14587,32.02495],[35.14173,32.02645],[35.1402,32.03217],[35.13795,32.03497],[35.13522,32.03616],[35.13645,32.03855],[35.13463,32.04594],[35.13523,32.04764],[35.13646,32.04769],[35.13416,32.05051],[35.13623,32.05214],[35.13711,32.0563],[35.14091,32.05238],[35.14424,32.05194],[35.14748,32.04912],[35.14994,32.05087],[35.1488,32.05371],[35.14963,32.05517],[35.15339,32.05359],[35.1581,32.05486],[35.16016,32.05228],[35.16044,32.05543],[35.16446,32.05416],[35.16593,32.05813],[35.1741,32.0628],[35.17617,32.05707],[35.17857,32.05579],[35.18035,32.0555],[35.18156,32.05718],[35.18592,32.05785],[35.18972,32.05341],[35.19467,32.05445],[35.19581,32.0517],[35.20072,32.05014],[35.20177,32.04758],[35.20673,32.04961],[35.21009,32.04905],[35.21218,32.05158],[35.2102,32.05275],[35.21152,32.05453],[35.20966,32.06016],[35.20716,32.06212],[35.20799,32.06412],[35.20581,32.06523],[35.20731,32.06826],[35.19508,32.06947],[35.1959,32.0756],[35.19981,32.08053],[35.20572,32.07995],[35.20935,32.08091],[35.21108,32.07976],[35.21407,32.0808],[35.21813,32.07867],[35.21684,32.08059],[35.21778,32.08158],[35.22199,32.07632],[35.22841,32.07489],[35.2327,32.07878],[35.23929,32.08028],[35.24584,32.07955],[35.25085,32.0813],[35.25119,32.07813],[35.25242,32.07802],[35.25102,32.07729],[35.2509,32.07504],[35.25368,32.07241],[35.25924,32.07528],[35.25979,32.07467],[35.26375,32.07975],[35.26295,32.08062],[35.26482,32.08208],[35.26529,32.08448],[35.26895,32.08515],[35.26599,32.09068],[35.27073,32.09328]]]]}},
{"type":"Feature","properties":{"TahanaName":"תחנת בת ים","TahanaShortName":"בת ים","MerhavName":"איילון","MahozName":"ת\"א"},"geometry":{"type":"Polygon","coordinates":[[[34.75935,32.03254],[34.76165,32.01143],[34.76091,32.00745],[34.75721,32.0081],[34.75514,32.00223],[34.75886,32.00112],[34.7577,31.99282],[34.75132,31.99671],[34.74819,31.99732],[34.74808,32.0001],[34.74582,32.00118],[34.74365,31.99829],[34.73315,32.00358],[34.73841,32.01937],[34.73684,32.02331],[34.73985,32.02632],[34.73987,32.03076],[34.7425,32.03318],[34.74986,32.02914],[34.75096,32.03049],[34.75521,32.03096],[34.756,32.03342],[34.75935,32.03254]]]}},
{"type":"Feature","properties":{"TahanaName":"תחנת ג'סר א-זרקא","TahanaShortName":"ג'סר א זרקא","MerhavName":"מנשה","MahozName":"חוף"},"geometry":{"type":"Polygon","coordinates":[[[34.91371,32.54946],[34.918,32.54954],[34.92099,32.54585],[34.9186,32.5344],[34.92224,32.53174],[34.92279,32.52394],[34.91477,32.52309],[34.91504,32.5297],[34.90066,32.53193],[34.90153,32.53748],[34.89932,32.5397],[34.90084,32.54037],[34.9054,32.53849],[34.90726,32.539],[34.91371,32.54946]]]}},
{"type":"Feature","properties":{"TahanaName":"תחנת גבעתיים","TahanaShortName":"גבעתיים","MerhavName":"דן","MahozName":"ת\"א"},"geometry":{"type":"Polygon","coordinates":[[[34.80005,32.08139],[34.80158,32.08172],[34.80137,32.07894],[34.8115,32.08001],[34.81377,32.07818],[34.81989,32.08034],[34.8207,32.07824],[34.8193,32.07826],[34.81809,32.07155],[34.81522,32.06545],[34.81976,32.06253],[34.81823,32.06045],[34.81882,32.05928],[34.81172,32.0584],[34.80579,32.06204],[34.80047,32.07269],[34.80195,32.07744],[34.79785,32.08002],[34.7991,32.08439],[34.80005,32.08139]]]}},
{"type":"Feature","properties":{"TahanaName":"תחנת גולן","TahanaShortName":"גולן","MerhavName":"כנרת","MahozName":"צפון"},"geometry":{"type":"Polygon","coordinates":[[[35.77245,33.33515],[35.81334,33.31765],[35.77691,33.27715],[35.78624,33.26566],[35.80042,33.25814],[35.8147,33.2481],[35.81534,33.20395],[35.83688,33.19356],[35.84169,33.16666],[35.84141,33.1646],[35.81794,33.12878],[35.81728,33.11401],[35.84942,33.10123],[35.87117,32.98345],[35.88005,32.96618],[35.89538,32.94513],[35.8773,32.92508],[35.87302,32.92298],[35.85057,32.88934],[35.84341,32.86988],[35.84553,32.8555],[35.83568,32.82805],[35.75981,32.74597],[35.75468,32.74395],[35.7485,32.73365],[35.74511,32.73125],[35.74128,32.73056],[35.73809,32.73338],[35.7366,32.73309],[35.73677,32.73039],[35.73234,32.72358],[35.72913,32.72367],[35.72888,32.72616],[35.72699,32.72739],[35.72486,32.72615],[35.72345,32.7219],[35.71818,32.72366],[35.71819,32.71767],[35.71661,32.71614],[35.71116,32.71866],[35.70726,32.71486],[35.70255,32.71595],[35.70031,32.71271],[35.69102,32.70865],[35.68703,32.70904],[35.68026,32.70618],[35.67584,32.70588],[35.67682,32.70173],[35.67505,32.6972],[35.67159,32.69397],[35.67107,32.68979],[35.66224,32.68685],[35.65997,32.68743],[35.65904,32.68612],[35.65418,32.68955],[35.65356,32.68673],[35.65225,32.6875],[35.65328,32.68732],[35.65289,32.68865],[35.65035,32.6883],[35.65196,32.68918],[35.65001,32.694],[35.65257,32.69365],[35.6529,32.69463],[35.64971,32.69736],[35.64785,32.69751],[35.64542,32.70246],[35.64148,32.70568],[35.64588,32.71047],[35.64579,32.71253],[35.64936,32.71435],[35.65037,32.7212],[35.64877,32.72691],[35.65073,32.72932],[35.65098,32.73509],[35.65516,32.74359],[35.65891,32.74561],[35.65913,32.75078],[35.65695,32.75502],[35.65833,32.76205],[35.6609,32.76587],[35.66634,32.76743],[35.66699,32.77138],[35.66454,32.77384],[35.66276,32.77276],[35.66222,32.77596],[35.65357,32.77873],[35.65368,32.781],[35.65142,32.78035],[35.65332,32.78184],[35.65328,32.78396],[35.64766,32.78627],[35.6464,32.79176],[35.64432,32.79207],[35.64456,32.80351],[35.64546,32.81022],[35.65034,32.81845],[35.64917,32.82717],[35.65279,32.84766],[35.65044,32.86684],[35.66024,32.88232],[35.66091,32.88666],[35.65723,32.89533],[35.64783,32.90133],[35.64712,32.9033],[35.61847,32.90442],[35.61638,32.90205],[35.61324,32.90136],[35.61593,32.90295],[35.61595,32.90546],[35.62095,32.90556],[35.62236,32.90734],[35.62007,32.91127],[35.62297,32.91582],[35.62123,32.92768],[35.6222,32.93117],[35.62567,32.93475],[35.62452,32.9434],[35.62673,32.94788],[35.62478,32.9562],[35.6255,32.9622],[35.62395,32.96335],[35.62599,32.96974],[35.62533,32.97217],[35.62767,32.97654],[35.62553,32.97969],[35.62679,32.98135],[35.62541,32.98287],[35.62643,32.98477],[35.62528,32.99326],[35.62705,32.9982],[35.62648,33.0009],[35.62854,33.00213],[35.62925,33.00605],[35.62827,33.02366],[35.63054,33.02738],[35.63133,33.03277],[35.63466,33.03409],[35.63845,33.04039],[35.6352,33.04352],[35.63711,33.0436],[35.6365,33.04615],[35.63986,33.05035],[35.63771,33.05117],[35.63884,33.0524],[35.64143,33.05152],[35.64291,33.05296],[35.6426,33.05782],[35.64688,33.05225],[35.64897,33.05968],[35.65128,33.06289],[35.65115,33.06496],[35.64957,33.06612],[35.65208,33.06832],[35.65201,33.07324],[35.65417,33.07512],[35.65219,33.08649],[35.65448,33.08842],[35.65329,33.09198],[35.65498,33.09724],[35.65355,33.0975],[35.65307,33.09942],[35.65833,33.10729],[35.6532,33.10549],[35.65179,33.10638],[35.65132,33.10858],[35.65289,33.11109],[35.6507,33.11164],[35.64892,33.11867],[35.65239,33.12155],[35.65099,33.12231],[35.65423,33.12547],[35.6566,33.13144],[35.66494,33.14403],[35.66907,33.15599],[35.66775,33.16647],[35.66669,33.16956],[35.66538,33.16914],[35.66479,33.17507],[35.66064,33.18148],[35.66318,33.18755],[35.66211,33.18969],[35.66468,33.21188],[35.66135,33.21597],[35.66164,33.21834],[35.65944,33.22004],[35.66046,33.22923],[35.66956,33.23106],[35.68015,33.23565],[35.68297,33.23809],[35.6822,33.24176],[35.68748,33.24325],[35.68876,33.24552],[35.69637,33.24401],[35.69467,33.24513],[35.69515,33.24882],[35.69233,33.25014],[35.68941,33.24887],[35.68195,33.25087],[35.68246,33.25228],[35.67905,33.25148],[35.67564,33.25325],[35.67095,33.2533],[35.65676,33.26104],[35.65456,33.2635],[35.65781,33.27042],[35.65356,33.27456],[35.65999,33.27473],[35.66223,33.27836],[35.67815,33.28807],[35.68365,33.29294],[35.70074,33.30047],[35.707,33.3053],[35.70985,33.31077],[35.71092,33.31813],[35.71304,33.32254],[35.71946,33.32824],[35.72811,33.32977],[35.74048,33.32526],[35.74518,33.32521],[35.76749,33.33426],[35.77245,33.33515]]]}},
{"type":"Feature","properties":{"TahanaName":"תחנת גליל מערבי","TahanaShortName":"גליל מערבי","MerhavName":"אשר","MahozName":"חוף"},"geometry":{"type":"Polygon","coordinates":[[[35.18024,32.97583],[35.20206,32.97379],[35.20205,32.97178],[35.19663,32.97172],[35.20031,32.97067],[35.20281,32.96765],[35.20733,32.96599],[35.21361,32.96753],[35.22042,32.96303],[35.22131,32.96441],[35.22412,32.96472],[35.2258,32.96193],[35.23019,32.96218],[35.23245,32.96109],[35.23587,32.96343],[35.23987,32.96152],[35.24563,32.9638],[35.25078,32.95814],[35.25563,32.95479],[35.25919,32.95416],[35.26173,32.94972],[35.26089,32.94825],[35.25053,32.95125],[35.2389,32.95089],[35.24004,32.94911],[35.2346,32.94767],[35.23518,32.9468],[35.2322,32.94514],[35.23333,32.94251],[35.22966,32.9387],[35.21917,32.93757],[35.21676,32.93587],[35.21291,32.93687],[35.2101,32.93472],[35.20895,32.93189],[35.21034,32.92942],[35.21343,32.92863],[35.21466,32.92664],[35.22209,32.9228],[35.22583,32.92332],[35.22899,32.92183],[35.22935,32.91889],[35.22722,32.918],[35.22649,32.9145],[35.21893,32.91156],[35.21134,32.91139],[35.19395,32.91419],[35.17838,32.91227],[35.16104,32.91218],[35.14513,32.91482],[35.13356,32.91327],[35.12515,32.91591],[35.11028,32.918],[35.11052,32.9211],[35.109,32.92153],[35.10899,32.92402],[35.10916,32.92559],[35.11042,32.92556],[35.11136,32.93104],[35.10986,32.93116],[35.11036,32.93391],[35.10634,32.93423],[35.10383,32.9466],[35.10202,32.94871],[35.103,32.95684],[35.11107,32.95667],[35.11481,32.95814],[35.11595,32.95713],[35.11813,32.95762],[35.12075,32.95531],[35.1214,32.95656],[35.12687,32.95877],[35.12645,32.96199],[35.12803,32.96363],[35.14057,32.96459],[35.14858,32.96769],[35.15479,32.96788],[35.15966,32.97004],[35.16166,32.96814],[35.16638,32.96841],[35.16583,32.97064],[35.17601,32.96672],[35.17826,32.96725],[35.18024,32.97583]]]}},
{"type":"Feature","properties":{"TahanaName":"תחנת גלילות","TahanaShortName":"גלילות","MerhavName":"ירקון","MahozName":"ת\"א"},"geometry":{"type":"Polygon","coordinates":[[[34.82692,32.21143],[34.83517,32.20871],[34.8295,32.19597],[34.82878,32.18944],[34.82997,32.18922],[34.83274,32.19185],[34.8359,32.19111],[34.84844,32.18054],[34.85686,32.17739],[34.85688,32.17265],[34.86439,32.17095],[34.86264,32.16324],[34.86377,32.16312],[34.86562,32.15004],[34.87089,32.13645],[34.87064,32.1314],[34.87132,32.13308],[34.87586,32.13325],[34.87902,32.1252],[34.87743,32.12368],[34.87587,32.12444],[34.87676,32.12257],[34.87438,32.12157],[34.87489,32.12029],[34.8718,32.12658],[34.86866,32.12458],[34.86962,32.12162],[34.86769,32.12347],[34.86552,32.1236],[34.86534,32.12211],[34.8678,32.12161],[34.86462,32.11694],[34.86139,32.11631],[34.86239,32.11552],[34.86074,32.11347],[34.86098,32.11144],[34.85932,32.11095],[34.86088,32.10987],[34.85938,32.10922],[34.85909,32.11101],[34.85756,32.11094],[34.85812,32.10803],[34.85498,32.10832],[34.85379,32.10627],[34.85245,32.10856],[34.85071,32.10666],[34.84909,32.10714],[34.85206,32.1195],[34.85043,32.12039],[34.84898,32.11891],[34.84447,32.11976],[34.84011,32.12555],[34.83735,32.1278],[34.83384,32.12842],[34.83367,32.12998],[34.83045,32.13006],[34.82618,32.12783],[34.82764,32.13043],[34.8191,32.13162],[34.81958,32.12884],[34.82369,32.12344],[34.81069,32.12443],[34.81116,32.1192],[34.80949,32.11955],[34.80899,32.12756],[34.79569,32.12842],[34.79709,32.13416],[34.80125,32.14024],[34.80218,32.14412],[34.79803,32.14492],[34.79691,32.1426],[34.79168,32.14654],[34.79462,32.15659],[34.79456,32.1578],[34.79201,32.15852],[34.7913,32.15952],[34.79251,32.16586],[34.79156,32.15985],[34.79196,32.15887],[34.79301,32.15842],[34.79197,32.15983],[34.79281,32.1632],[34.79456,32.16169],[34.79384,32.15935],[34.79625,32.16262],[34.79457,32.16226],[34.796,32.163],[34.79431,32.16265],[34.79574,32.16338],[34.79419,32.16298],[34.79555,32.16367],[34.79382,32.16345],[34.79461,32.16388],[34.79315,32.16466],[34.79712,32.16571],[34.79704,32.16693],[34.79586,32.16695],[34.79628,32.16811],[34.79793,32.16821],[34.79655,32.16886],[34.79826,32.16994],[34.7972,32.17125],[34.7988,32.17123],[34.80002,32.17298],[34.80597,32.19534],[34.80894,32.20184],[34.81213,32.20119],[34.81098,32.19852],[34.81831,32.19614],[34.81915,32.2017],[34.82692,32.21143]]]}},
{"type":"Feature","properties":{"TahanaName":"מרחב דוד","TahanaShortName":"דוד","MerhavName":"דוד","MahozName":"ירושלים"},"geometry":{"type":"Polygon","coordinates":[[[35.23698,31.78378],[35.23901,31.78176],[35.23774,31.78013],[35.2377,31.77597],[35.23282,31.77384],[35.22821,31.76998],[35.22673,31.77124],[35.22735,31.77676],[35.22504,31.77885],[35.23119,31.78248],[35.23698,31.78378]]]}},
{"type":"Feature","properties":{"TahanaName":"תחנת דימונה","TahanaShortName":"דימונה","MerhavName":"רותם","MahozName":"דרום"},"geometry":{"type":"Polygon","coordinates":[[[35.02928,31.11952],[35.03722,31.11131],[35.03764,31.10872],[35.04191,31.10318],[35.04353,31.10259],[35.04576,31.10379],[35.04705,31.10671],[35.0513,31.10782],[35.0528,31.10969],[35.05447,31.10777],[35.05719,31.10794],[35.05984,31.11012],[35.06752,31.11186],[35.06794,31.11057],[35.07115,31.11022],[35.07476,31.10751],[35.07325,31.10584],[35.07733,31.10409],[35.07733,31.10168],[35.07925,31.10054],[35.07776,31.09946],[35.07968,31.09745],[35.08219,31.09673],[35.08246,31.09813],[35.08459,31.09771],[35.08572,31.10027],[35.08741,31.09856],[35.08977,31.09938],[35.09287,31.09697],[35.09529,31.09822],[35.09676,31.09622],[35.10528,31.09158],[35.1141,31.08359],[35.11902,31.08202],[35.1256,31.07608],[35.14089,31.07941],[35.15072,31.07882],[35.15168,31.08012],[35.1536,31.07824],[35.15708,31.08283],[35.16246,31.08142],[35.16296,31.07693],[35.16422,31.07847],[35.16322,31.08118],[35.16705,31.07951],[35.17436,31.07994],[35.18211,31.07615],[35.18565,31.07686],[35.18713,31.07931],[35.18628,31.08338],[35.18497,31.08424],[35.18716,31.08925],[35.18527,31.09566],[35.18914,31.09515],[35.19166,31.0921],[35.19403,31.0946],[35.1963,31.09433],[35.20068,31.09029],[35.20428,31.08911],[35.208,31.08407],[35.21252,31.08191],[35.21393,31.07925],[35.2042,31.06104],[35.20352,31.05282],[35.20057,31.04293],[35.21169,31.04021],[35.22193,31.03587],[35.23654,31.03326],[35.24087,31.02678],[35.24757,31.02053],[35.25146,31.0199],[35.2519,31.01839],[35.25445,31.02021],[35.25587,31.01976],[35.25546,31.01656],[35.26001,31.01087],[35.25835,31.00856],[35.26075,31.00681],[35.25945,31.00467],[35.2647,31.00292],[35.26957,31.00731],[35.27197,31.00735],[35.27562,31.00365],[35.28078,31.00091],[35.28212,30.99523],[35.28946,30.99096],[35.29093,30.98665],[35.29813,30.9857],[35.30029,30.98328],[35.30314,30.98795],[35.30629,30.98983],[35.31296,30.98971],[35.31499,30.9913],[35.3193,30.99029],[35.32213,30.98822],[35.32616,30.98807],[35.33652,30.99165],[35.34091,30.99499],[35.3459,30.9934],[35.35238,30.98265],[35.3587,30.96594],[35.36355,30.95766],[35.36276,30.95036],[35.36617,30.94461],[35.36574,30.93989],[35.37044,30.93991],[35.37427,30.93631],[35.37491,30.93379],[35.37805,30.93111],[35.37612,30.92922],[35.3778,30.92974],[35.38039,30.92811],[35.39188,30.92665],[35.37656,30.92545],[35.3706,30.92305],[35.36617,30.91906],[35.35472,30.90234],[35.3366,30.86398],[35.3327,30.85109],[35.33218,30.84209],[35.33411,30.83274],[35.34303,30.81478],[35.34001,30.80346],[35.33683,30.80086],[35.32277,30.79765],[35.31917,30.79521],[35.31418,30.77761],[35.3091,30.76832],[35.3072,30.7662],[35.29761,30.76404],[35.29303,30.75962],[35.29116,30.75127],[35.29224,30.73528],[35.28676,30.7255],[35.29148,30.71863],[35.29183,30.7158],[35.28811,30.71227],[35.28178,30.70879],[35.27899,30.70555],[35.27841,30.69759],[35.2669,30.67477],[35.26586,30.66428],[35.23349,30.62674],[35.21166,30.59357],[35.20734,30.57695],[35.20652,30.56828],[35.19846,30.54693],[35.19515,30.51488],[35.19287,30.5085],[35.1846,30.49026],[35.15641,30.44665],[35.15405,30.42132],[35.15658,30.40751],[35.16431,30.38881],[35.18103,30.35805],[35.18717,30.34168],[35.17595,30.32725],[35.16019,30.31014],[35.15527,30.30999],[35.15067,30.30696],[35.139,30.31066],[35.13664,30.30797],[35.1339,30.30876],[35.13233,30.30807],[35.13326,30.30549],[35.13214,30.30355],[35.13416,30.30248],[35.13269,30.30117],[35.1188,30.29826],[35.1037,30.29187],[35.08032,30.28987],[35.06895,30.28435],[35.05187,30.27956],[35.02727,30.27939],[35.02093,30.2774],[35.00271,30.27947],[34.99707,30.28857],[34.9941,30.2895],[34.98539,30.28918],[34.98157,30.29563],[34.96746,30.30058],[34.9661,30.3033],[34.9693,30.30908],[34.9677,30.31215],[34.96702,30.32012],[34.95673,30.32143],[34.95412,30.32853],[34.94789,30.32982],[34.9306,30.34065],[34.92135,30.34155],[34.91262,30.34068],[34.90863,30.3389],[34.90583,30.33932],[34.89607,30.34404],[34.89572,30.34645],[34.88649,30.35296],[34.88123,30.35473],[34.87387,30.35413],[34.86644,30.35622],[34.86487,30.36098],[34.86573,30.36836],[34.86371,30.37027],[34.85936,30.37009],[34.84904,30.36574],[34.84845,30.37073],[34.84577,30.37349],[34.84237,30.37359],[34.83934,30.3706],[34.8376,30.37355],[34.83572,30.37394],[34.82772,30.36953],[34.82195,30.37021],[34.81767,30.37314],[34.80616,30.37024],[34.79451,30.37047],[34.79101,30.36853],[34.78875,30.36934],[34.78633,30.37269],[34.78061,30.37212],[34.76847,30.37635],[34.76438,30.37428],[34.761,30.37732],[34.75544,30.37673],[34.74926,30.3798],[34.74047,30.37327],[34.73579,30.37289],[34.7258,30.36825],[34.72043,30.36986],[34.71085,30.36817],[34.7052,30.37206],[34.70671,30.38032],[34.70563,30.38188],[34.70363,30.38277],[34.69852,30.38199],[34.69814,30.38643],[34.69315,30.38798],[34.6839,30.386],[34.67705,30.38754],[34.67629,30.38366],[34.67044,30.386],[34.66674,30.38424],[34.65178,30.38358],[34.64625,30.38188],[34.64525,30.37962],[34.64076,30.3762],[34.63644,30.37627],[34.62968,30.37918],[34.6259,30.37822],[34.6138,30.37942],[34.606,30.37747],[34.59802,30.37846],[34.54366,30.41331],[34.54166,30.44216],[34.55654,30.49584],[34.51853,30.53352],[34.51658,30.5442],[34.51952,30.59239],[34.49799,30.67746],[34.46456,30.74118],[34.45832,30.75538],[34.45466,30.76062],[34.45524,30.76582],[34.4588,30.76906],[34.46537,30.78045],[34.46499,30.78731],[34.46663,30.7922],[34.47859,30.78453],[34.48126,30.77937],[34.48572,30.78212],[34.48168,30.78772],[34.48115,30.79411],[34.47588,30.80019],[34.47104,30.80258],[34.47,30.82587],[34.43552,30.87347],[34.4391,30.87845],[34.45648,30.88364],[34.46476,30.88045],[34.47125,30.88387],[34.49153,30.88882],[34.50071,30.88868],[34.5232,30.89226],[34.52974,30.89254],[34.53175,30.89092],[34.53939,30.89252],[34.54094,30.89628],[34.54593,30.89534],[34.5534,30.90329],[34.55705,30.90896],[34.55586,30.91319],[34.55676,30.91435],[34.5718,30.91877],[34.57329,30.92122],[34.58124,30.92657],[34.58277,30.92891],[34.59653,30.92732],[34.59977,30.93054],[34.60217,30.93034],[34.60256,30.93214],[34.60793,30.93264],[34.61411,30.93005],[34.62244,30.91917],[34.62412,30.91313],[34.62355,30.89616],[34.62649,30.89087],[34.62621,30.88462],[34.62747,30.88234],[34.626,30.8787],[34.63436,30.8772],[34.63889,30.87758],[34.64778,30.88247],[34.64904,30.89165],[34.65129,30.89151],[34.65703,30.89426],[34.66416,30.89981],[34.66686,30.90061],[34.66728,30.90376],[34.67349,30.90629],[34.67466,30.90901],[34.67729,30.91007],[34.67912,30.91321],[34.68102,30.91373],[34.69667,30.92708],[34.69742,30.93017],[34.69485,30.93206],[34.69295,30.93675],[34.69384,30.93912],[34.69256,30.94272],[34.69755,30.94735],[34.71317,30.95285],[34.71761,30.95565],[34.71871,30.95428],[34.72141,30.95514],[34.72494,30.95793],[34.73024,30.95759],[34.73564,30.96007],[34.73878,30.95931],[34.73969,30.96203],[34.74459,30.9635],[34.75028,30.97207],[34.75699,30.96962],[34.76506,30.97018],[34.76757,30.9686],[34.76877,30.96435],[34.77333,30.96246],[34.7745,30.95913],[34.78244,30.96309],[34.7832,30.96682],[34.7805,30.97642],[34.78447,30.99437],[34.79059,31.00122],[34.79121,31.00826],[34.79503,31.00693],[34.80139,31.00673],[34.80184,31.01125],[34.79974,31.01197],[34.79999,31.0146],[34.81179,31.01516],[34.81746,31.01921],[34.82262,31.0261],[34.83176,31.02353],[34.83731,31.03046],[34.83697,31.03255],[34.83946,31.03602],[34.8401,31.04044],[34.84264,31.04313],[34.84214,31.04703],[34.84555,31.05046],[34.85026,31.05124],[34.85145,31.05538],[34.85309,31.05642],[34.86061,31.05404],[34.86086,31.0525],[34.8631,31.05162],[34.86218,31.05392],[34.86304,31.05508],[34.86477,31.05346],[34.8663,31.05457],[34.8655,31.059],[34.8685,31.0598],[34.87054,31.0579],[34.87081,31.06042],[34.87511,31.05885],[34.87823,31.06066],[34.87665,31.06507],[34.88282,31.06843],[34.88014,31.07443],[34.87459,31.07626],[34.87453,31.07895],[34.88636,31.07719],[34.88986,31.0804],[34.89501,31.07893],[34.90113,31.08334],[34.91127,31.08409],[34.91778,31.0875],[34.93246,31.0877],[34.93389,31.08931],[34.93146,31.08295],[34.9325,31.08045],[34.93878,31.08033],[34.93928,31.08219],[34.94492,31.08204],[34.94566,31.08483],[34.94296,31.08895],[34.94627,31.08948],[34.9502,31.09186],[34.95718,31.09413],[34.96189,31.09057],[34.96258,31.0956],[34.96823,31.08967],[34.97159,31.08995],[34.98085,31.10113],[34.99054,31.10477],[34.9998,31.1051],[35.0015,31.10663],[35.00708,31.10514],[35.01268,31.10977],[35.01382,31.11712],[35.01292,31.1205],[35.01408,31.12092],[35.02274,31.11728],[35.02872,31.12147],[35.02928,31.11952]]]}},
{"type":"Feature","properties":{"TahanaName":"תחנת הבקעה","TahanaShortName":"הבקעה","MerhavName":"גלעד","MahozName":"ש\"י"},"geometry":{"type":"Polygon","coordinates":[[[35.4055,32.41191],[35.4099,32.40906],[35.4117,32.41126],[35.41655,32.40805],[35.4186,32.40961],[35.42399,32.40481],[35.42508,32.40584],[35.42715,32.40522],[35.42905,32.40845],[35.43023,32.40742],[35.43091,32.40162],[35.43316,32.40455],[35.43301,32.40116],[35.43481,32.40003],[35.44015,32.40356],[35.43988,32.40502],[35.44437,32.40622],[35.44665,32.40897],[35.45031,32.4048],[35.45549,32.40386],[35.45738,32.40575],[35.46936,32.40859],[35.47576,32.40893],[35.47948,32.41061],[35.4941,32.40187],[35.49508,32.40003],[35.49681,32.40126],[35.52956,32.39365],[35.54162,32.38765],[35.54719,32.38909],[35.55297,32.38885],[35.55461,32.3908],[35.55491,32.38866],[35.55724,32.38664],[35.55894,32.38585],[35.56013,32.38653],[35.56283,32.38488],[35.56202,32.38078],[35.55922,32.38096],[35.55885,32.37937],[35.56044,32.37767],[35.56291,32.37877],[35.56397,32.37475],[35.56384,32.36931],[35.56154,32.36403],[35.56074,32.36322],[35.55614,32.36694],[35.55303,32.36634],[35.5544,32.36361],[35.55378,32.35945],[35.55716,32.35682],[35.55467,32.35481],[35.55965,32.34806],[35.5571,32.34699],[35.55385,32.3432],[35.55743,32.33173],[35.55471,32.32963],[35.55532,32.32568],[35.55303,32.32178],[35.55607,32.3215],[35.56001,32.31839],[35.56134,32.316],[35.56095,32.31346],[35.56397,32.30949],[35.55992,32.30521],[35.56065,32.30397],[35.55967,32.30281],[35.55634,32.30117],[35.5552,32.29756],[35.56229,32.29513],[35.56633,32.28958],[35.56786,32.28381],[35.56678,32.28088],[35.56334,32.27852],[35.56263,32.27444],[35.55751,32.27307],[35.56003,32.26779],[35.55965,32.26486],[35.56389,32.26316],[35.56491,32.26125],[35.56441,32.25816],[35.56241,32.25687],[35.56281,32.25067],[35.56563,32.24919],[35.56582,32.25039],[35.5689,32.25176],[35.57112,32.25079],[35.57077,32.24715],[35.56901,32.24641],[35.56759,32.24179],[35.56534,32.2415],[35.56338,32.24289],[35.56094,32.24147],[35.56433,32.23843],[35.56202,32.23163],[35.56395,32.22881],[35.56538,32.22825],[35.56776,32.23009],[35.57135,32.22998],[35.57133,32.22714],[35.56759,32.22583],[35.5664,32.22386],[35.56779,32.22158],[35.56649,32.21925],[35.56955,32.21648],[35.56889,32.21335],[35.57143,32.21347],[35.57145,32.21068],[35.56785,32.21156],[35.56674,32.20974],[35.56771,32.20773],[35.56276,32.20418],[35.56516,32.20184],[35.56711,32.19694],[35.56985,32.19777],[35.5689,32.19302],[35.57021,32.19148],[35.56474,32.18672],[35.56151,32.19015],[35.55861,32.18864],[35.55887,32.18598],[35.56151,32.18516],[35.55883,32.17965],[35.56016,32.17371],[35.55859,32.17305],[35.55347,32.17703],[35.5522,32.17084],[35.55343,32.16998],[35.55663,32.17075],[35.55776,32.16822],[35.55636,32.16638],[35.55352,32.16631],[35.54895,32.16855],[35.5478,32.16631],[35.552,32.16335],[35.54959,32.16026],[35.55802,32.15934],[35.5582,32.15559],[35.55574,32.15318],[35.55645,32.15182],[35.56061,32.15061],[35.55778,32.14419],[35.55388,32.14384],[35.55191,32.14616],[35.5503,32.14565],[35.54915,32.14191],[35.5477,32.14183],[35.54608,32.14392],[35.54441,32.14327],[35.54332,32.14028],[35.54555,32.13602],[35.55114,32.13428],[35.54591,32.13184],[35.54569,32.13012],[35.55046,32.12935],[35.55126,32.12815],[35.54829,32.12577],[35.54922,32.12264],[35.54493,32.1191],[35.54108,32.11219],[35.5372,32.10862],[35.53402,32.10836],[35.53257,32.1069],[35.53606,32.09907],[35.53886,32.09604],[35.53959,32.09229],[35.54347,32.09028],[35.54281,32.08642],[35.54471,32.08232],[35.5409,32.08181],[35.53733,32.07855],[35.53874,32.07671],[35.53761,32.0752],[35.53356,32.07648],[35.5335,32.07386],[35.53644,32.0729],[35.53467,32.06881],[35.53054,32.0688],[35.53152,32.06524],[35.52853,32.06437],[35.5288,32.06225],[35.53125,32.06063],[35.52841,32.0579],[35.53064,32.05573],[35.52831,32.05345],[35.52998,32.05065],[35.52756,32.04907],[35.52293,32.05025],[35.52208,32.04789],[35.51922,32.04762],[35.51907,32.04464],[35.52386,32.0439],[35.52064,32.04026],[35.51886,32.03519],[35.52214,32.03172],[35.52085,32.0297],[35.5235,32.02888],[35.52223,32.02226],[35.52378,32.02197],[35.52495,32.01982],[35.52835,32.01902],[35.52753,32.01602],[35.52525,32.01598],[35.52236,32.0139],[35.52365,32.01185],[35.52694,32.01504],[35.52718,32.00948],[35.52889,32.00891],[35.52555,32.00497],[35.52635,32.00276],[35.52917,32.00005],[35.5311,32.00139],[35.53233,32.00044],[35.53185,31.99834],[35.53369,32.00064],[35.53228,32.0014],[35.53511,32.00138],[35.53487,31.99755],[35.539,31.99581],[35.5354,31.9927],[35.53731,31.9914],[35.53475,31.98846],[35.53716,31.98789],[35.53654,31.98675],[35.53311,31.98686],[35.53301,31.9859],[35.54189,31.97739],[35.5403,31.9757],[35.54221,31.97211],[35.54189,31.95263],[35.54122,31.95354],[35.54047,31.95286],[35.54382,31.94954],[35.5441,31.94712],[35.54183,31.94644],[35.54385,31.94553],[35.54143,31.9438],[35.54159,31.93229],[35.54014,31.93194],[35.5399,31.93394],[35.53883,31.93354],[35.53914,31.93226],[35.53572,31.92936],[35.53619,31.92458],[35.52671,31.92289],[35.52793,31.91644],[35.52441,31.90768],[35.52653,31.90619],[35.52501,31.90294],[35.52535,31.90192],[35.52646,31.9028],[35.52804,31.902],[35.52763,31.89923],[35.53133,31.89841],[35.53029,31.89635],[35.53194,31.8972],[35.53323,31.89579],[35.53046,31.89246],[35.53472,31.89447],[35.53354,31.89159],[35.53002,31.8909],[35.53183,31.88634],[35.53566,31.88502],[35.53323,31.88287],[35.53923,31.87973],[35.53932,31.87426],[35.54461,31.87551],[35.54656,31.87329],[35.54797,31.87308],[35.54832,31.87417],[35.54971,31.87292],[35.54518,31.87087],[35.54758,31.86787],[35.54712,31.86635],[35.54879,31.86567],[35.54716,31.86482],[35.54483,31.86634],[35.54673,31.86371],[35.54354,31.86442],[35.5445,31.86235],[35.54271,31.86103],[35.54295,31.85946],[35.54164,31.8591],[35.53992,31.86091],[35.5401,31.85862],[35.5383,31.8583],[35.53976,31.85732],[35.53646,31.85622],[35.53919,31.85416],[35.54228,31.85413],[35.53895,31.85192],[35.54075,31.85029],[35.5432,31.85041],[35.54108,31.84828],[35.54356,31.84939],[35.54643,31.84795],[35.54625,31.84667],[35.54316,31.84698],[35.54345,31.84553],[35.5489,31.84395],[35.54771,31.8425],[35.54474,31.84258],[35.54751,31.84036],[35.5477,31.8377],[35.54634,31.83626],[35.54929,31.83639],[35.54679,31.8343],[35.54719,31.83061],[35.54469,31.83039],[35.54761,31.82924],[35.54705,31.82703],[35.54863,31.82356],[35.54318,31.82263],[35.54213,31.81971],[35.54013,31.81883],[35.54373,31.81828],[35.54438,31.81689],[35.54412,31.81246],[35.54258,31.81088],[35.54349,31.80968],[35.54288,31.80509],[35.54716,31.79973],[35.55149,31.79654],[35.55027,31.79343],[35.55136,31.79064],[35.54752,31.78412],[35.54808,31.78104],[35.5519,31.77386],[35.5557,31.77204],[35.5557,31.76992],[35.55284,31.76726],[35.55821,31.76498],[35.55182,31.75232],[35.53809,31.73145],[35.50483,31.62852],[35.49405,31.58788],[35.48702,31.55543],[35.48379,31.53038],[35.48152,31.49465],[35.41291,31.50346],[35.38551,31.48545],[35.38015,31.48881],[35.3818,31.49107],[35.38575,31.49103],[35.38668,31.4921],[35.38536,31.4925],[35.38486,31.49637],[35.38247,31.49876],[35.38329,31.50198],[35.38028,31.50295],[35.38064,31.50676],[35.3756,31.50999],[35.37478,31.51328],[35.37607,31.51522],[35.37313,31.51943],[35.3751,31.52198],[35.37716,31.52169],[35.37723,31.52273],[35.38103,31.52383],[35.38254,31.52931],[35.37666,31.53392],[35.37153,31.53466],[35.37311,31.54104],[35.37221,31.54542],[35.36536,31.5485],[35.36466,31.55103],[35.36266,31.55155],[35.36094,31.55377],[35.36504,31.56006],[35.36491,31.56148],[35.36291,31.56182],[35.36413,31.56399],[35.36373,31.56825],[35.35576,31.57563],[35.35431,31.5755],[35.35292,31.57854],[35.35382,31.58167],[35.35623,31.58339],[35.35302,31.58677],[35.35442,31.58592],[35.35374,31.58689],[35.35565,31.58662],[35.35542,31.58884],[35.36264,31.59538],[35.36484,31.60043],[35.35944,31.60549],[35.36,31.60842],[35.35828,31.60959],[35.35641,31.60877],[35.35603,31.61018],[35.3569,31.60959],[35.36136,31.61158],[35.36363,31.61054],[35.36126,31.61356],[35.36139,31.61631],[35.36501,31.62052],[35.36469,31.62241],[35.36918,31.62152],[35.37215,31.6232],[35.37468,31.62219],[35.3768,31.62489],[35.38401,31.6273],[35.39046,31.63154],[35.38616,31.63385],[35.38413,31.64009],[35.39157,31.63994],[35.38915,31.64278],[35.3904,31.64711],[35.38972,31.65586],[35.38729,31.65739],[35.38815,31.66049],[35.39506,31.66504],[35.39114,31.66801],[35.39105,31.67157],[35.38971,31.67153],[35.3883,31.6738],[35.38939,31.67582],[35.38715,31.67726],[35.39076,31.68392],[35.38589,31.68431],[35.38222,31.68903],[35.37439,31.69068],[35.38072,31.70958],[35.38411,31.7137],[35.39358,31.71941],[35.40917,31.754],[35.408,31.75836],[35.41704,31.75896],[35.42163,31.75691],[35.42443,31.75389],[35.42765,31.75652],[35.425,31.75732],[35.42119,31.76164],[35.4169,31.76382],[35.4141,31.76226],[35.41134,31.76374],[35.40692,31.76133],[35.40494,31.76572],[35.40533,31.76738],[35.40809,31.7693],[35.40707,31.77249],[35.41004,31.77455],[35.41098,31.77691],[35.41649,31.78052],[35.4217,31.78004],[35.42612,31.78196],[35.43017,31.78642],[35.43077,31.78541],[35.43234,31.78639],[35.43017,31.78662],[35.43067,31.7887],[35.42733,31.7927],[35.42663,31.7962],[35.42783,31.79811],[35.43847,31.80007],[35.44346,31.79926],[35.44917,31.80169],[35.44696,31.80132],[35.44765,31.80451],[35.44625,31.80637],[35.44447,31.80611],[35.44203,31.81003],[35.44081,31.81969],[35.43878,31.82102],[35.43926,31.82424],[35.43338,31.82373],[35.42726,31.82512],[35.42324,31.82799],[35.42436,31.83221],[35.42298,31.83436],[35.41939,31.83609],[35.41345,31.83514],[35.41262,31.8368],[35.41051,31.83739],[35.41482,31.84395],[35.41306,31.84474],[35.41052,31.84253],[35.40957,31.84544],[35.41079,31.84703],[35.40863,31.84868],[35.4063,31.84755],[35.40482,31.84933],[35.4046,31.85148],[35.40273,31.8523],[35.39822,31.85922],[35.39744,31.86178],[35.39854,31.8639],[35.39645,31.86422],[35.39299,31.86249],[35.39198,31.85945],[35.38927,31.85903],[35.3869,31.85581],[35.38434,31.85547],[35.37998,31.85254],[35.37726,31.85487],[35.37011,31.85454],[35.36652,31.85719],[35.35553,31.85934],[35.34801,31.8566],[35.3466,31.85317],[35.34286,31.85116],[35.33937,31.85374],[35.33276,31.85423],[35.32891,31.85806],[35.32855,31.85933],[35.33033,31.86065],[35.32826,31.86316],[35.32974,31.8658],[35.32397,31.87162],[35.32608,31.87416],[35.3232,31.88035],[35.32844,31.88253],[35.33152,31.8819],[35.33373,31.88273],[35.33273,31.88583],[35.33484,31.88786],[35.34533,31.88723],[35.35084,31.89124],[35.34483,31.89148],[35.34038,31.89419],[35.33794,31.89628],[35.33871,31.89853],[35.33566,31.90153],[35.33675,31.90302],[35.35006,31.90647],[35.35286,31.90922],[35.36218,31.90876],[35.36588,31.90716],[35.36447,31.91054],[35.37317,31.91667],[35.37287,31.9189],[35.36996,31.92212],[35.372,31.92415],[35.36886,31.92746],[35.37152,31.92979],[35.37502,31.92738],[35.37991,31.93035],[35.38022,31.93229],[35.37627,31.93626],[35.37548,31.94106],[35.376,31.94477],[35.37876,31.94744],[35.37799,31.95163],[35.38124,31.95624],[35.37873,31.95825],[35.3869,31.96484],[35.39392,31.96518],[35.39069,31.96684],[35.38968,31.96897],[35.39077,31.97022],[35.38904,31.97684],[35.38632,31.97656],[35.38433,31.97887],[35.38162,31.97953],[35.3851,31.9847],[35.38209,31.98704],[35.38278,31.99154],[35.38119,31.99309],[35.37843,31.99352],[35.38078,32.00032],[35.37885,32.00053],[35.37821,32.00225],[35.37935,32.00772],[35.38283,32.00909],[35.3793,32.01496],[35.38732,32.02029],[35.38356,32.02197],[35.37962,32.02856],[35.38158,32.02982],[35.38039,32.03111],[35.38238,32.03492],[35.37948,32.03793],[35.38192,32.03922],[35.38287,32.04448],[35.3851,32.04578],[35.38338,32.04848],[35.381,32.04847],[35.37963,32.04988],[35.38156,32.05342],[35.38014,32.05674],[35.38583,32.06],[35.3812,32.06625],[35.38549,32.06865],[35.38276,32.06924],[35.38046,32.0732],[35.38224,32.07515],[35.38418,32.07402],[35.38301,32.07717],[35.38403,32.07775],[35.38052,32.08949],[35.37888,32.08883],[35.38043,32.08987],[35.38163,32.09549],[35.38655,32.10042],[35.38595,32.10162],[35.38743,32.10296],[35.38655,32.10387],[35.39033,32.10394],[35.38723,32.10738],[35.38734,32.10952],[35.38904,32.10987],[35.39379,32.10728],[35.39589,32.10763],[35.3955,32.10885],[35.39929,32.10963],[35.39919,32.11241],[35.40162,32.11121],[35.40592,32.11391],[35.40671,32.1166],[35.40407,32.11904],[35.41072,32.11841],[35.41054,32.12957],[35.41348,32.14194],[35.41312,32.15418],[35.41475,32.16042],[35.41413,32.16801],[35.41737,32.17058],[35.42645,32.16623],[35.42918,32.16985],[35.4338,32.17217],[35.43243,32.17664],[35.42983,32.17924],[35.42894,32.18472],[35.43007,32.1872],[35.42449,32.1902],[35.42631,32.19416],[35.42569,32.19611],[35.42295,32.19668],[35.42213,32.19811],[35.42495,32.2023],[35.42332,32.20825],[35.41957,32.20963],[35.42264,32.21241],[35.4235,32.21022],[35.4305,32.21125],[35.43318,32.21246],[35.43203,32.21428],[35.43493,32.21551],[35.43205,32.21967],[35.42927,32.22095],[35.42639,32.22331],[35.42564,32.22469],[35.42522,32.22652],[35.42659,32.22332],[35.43242,32.21954],[35.43497,32.21605],[35.43605,32.21296],[35.43877,32.21217],[35.44465,32.2073],[35.44942,32.20696],[35.45059,32.20919],[35.44925,32.22321],[35.44827,32.22716],[35.44334,32.23421],[35.44225,32.23931],[35.44547,32.24576],[35.45123,32.24726],[35.45748,32.24721],[35.47024,32.25177],[35.46901,32.25374],[35.46974,32.25793],[35.46763,32.25956],[35.47226,32.26319],[35.46875,32.26829],[35.46925,32.27693],[35.46177,32.27877],[35.45922,32.28187],[35.47564,32.29231],[35.47215,32.30293],[35.46421,32.31692],[35.45821,32.3231],[35.45026,32.32327],[35.44683,32.32524],[35.44148,32.32474],[35.43938,32.32615],[35.43709,32.32595],[35.43502,32.32861],[35.43345,32.32872],[35.43397,32.3312],[35.4291,32.3345],[35.4299,32.33633],[35.42388,32.34364],[35.417,32.34544],[35.41615,32.34701],[35.41197,32.34901],[35.41507,32.35252],[35.41288,32.35927],[35.41446,32.36444],[35.41348,32.36743],[35.41473,32.36911],[35.41342,32.36991],[35.41068,32.36874],[35.40281,32.3692],[35.403,32.3729],[35.41075,32.38197],[35.39534,32.39216],[35.39375,32.39213],[35.39341,32.39519],[35.38895,32.40275],[35.39561,32.40697],[35.39836,32.40498],[35.40436,32.40447],[35.4055,32.41191]]]}},
{"type":"Feature","properties":{"TahanaName":"תחנת העיירות","TahanaShortName":"העיירות","MerhavName":"רותם","MahozName":"דרום"},"geometry":{"type":"Polygon","coordinates":[[[34.77705,31.46903],[34.77895,31.46678],[34.7789,31.46137],[34.7824,31.45615],[34.7812,31.45437],[34.78442,31.4494],[34.78317,31.44718],[34.78493,31.44345],[34.79709,31.44553],[34.80204,31.44819],[34.80586,31.4463],[34.80889,31.44664],[34.81268,31.4428],[34.81971,31.44301],[34.82246,31.44204],[34.82434,31.43961],[34.83102,31.43736],[34.83449,31.43146],[34.83901,31.42995],[34.84023,31.4303],[34.84128,31.43383],[34.84668,31.43502],[34.85214,31.42914],[34.85635,31.42974],[34.86013,31.428],[34.86267,31.42966],[34.86509,31.42882],[34.87465,31.43053],[34.88017,31.43535],[34.88188,31.43864],[34.88406,31.43959],[34.88668,31.44396],[34.8915,31.44533],[34.89346,31.4442],[34.89743,31.44561],[34.89747,31.44706],[34.90417,31.44918],[34.90143,31.44214],[34.90286,31.44093],[34.89858,31.43524],[34.89629,31.42746],[34.88735,31.41087],[34.88029,31.39252],[34.88587,31.38277],[34.89049,31.36995],[34.89528,31.36834],[34.90435,31.36898],[34.90833,31.3652],[34.90625,31.35777],[34.91072,31.35482],[34.91365,31.34977],[34.92165,31.34386],[34.93058,31.34398],[34.93293,31.34565],[34.93981,31.34514],[34.94757,31.34757],[34.96002,31.34855],[34.96479,31.35121],[34.96755,31.34885],[34.96961,31.35066],[34.97257,31.34985],[34.974,31.3519],[34.9759,31.3515],[34.97751,31.35319],[34.97924,31.35286],[34.98047,31.35091],[34.98241,31.35202],[34.98632,31.35148],[34.98943,31.35442],[34.99374,31.35492],[34.99532,31.35655],[34.99703,31.35603],[34.99803,31.35761],[35.00287,31.35598],[35.0072,31.35809],[35.01103,31.35817],[35.0115,31.35996],[35.02451,31.35939],[35.02984,31.3604],[35.03109,31.36179],[35.03766,31.35838],[35.0458,31.36071],[35.0508,31.35828],[35.06197,31.35787],[35.06814,31.36044],[35.07286,31.36018],[35.07628,31.35551],[35.09527,31.35628],[35.09884,31.35849],[35.10204,31.3555],[35.10907,31.35562],[35.1062,31.35458],[35.1087,31.35323],[35.10892,31.35167],[35.10598,31.34987],[35.10366,31.34329],[35.10135,31.3409],[35.09851,31.33852],[35.09478,31.33846],[35.09522,31.33452],[35.0922,31.33462],[35.09126,31.33264],[35.08932,31.3321],[35.08992,31.32963],[35.08482,31.32692],[35.083,31.32208],[35.07946,31.31966],[35.07836,31.31677],[35.06022,31.31549],[35.05321,31.31039],[35.04592,31.30783],[35.04704,31.30412],[35.04192,31.29541],[35.03796,31.293],[35.03521,31.29329],[35.03335,31.29017],[35.025,31.28522],[35.02427,31.28218],[35.02726,31.27324],[35.02544,31.27302],[35.02468,31.27055],[35.02076,31.26732],[35.02046,31.26532],[35.01651,31.26249],[35.01974,31.26001],[35.01528,31.2591],[35.01674,31.25656],[35.0143,31.25083],[35.01084,31.24746],[35.00737,31.24731],[35.00718,31.24544],[35.00325,31.24534],[35.00308,31.23889],[34.99663,31.23616],[34.9898,31.2288],[34.98399,31.22808],[34.97785,31.22959],[34.97727,31.22698],[34.972,31.22528],[34.97278,31.22244],[34.97185,31.22005],[34.96637,31.22247],[34.96471,31.21979],[34.96143,31.2207],[34.95885,31.22313],[34.95928,31.22535],[34.95253,31.23095],[34.94804,31.23682],[34.94676,31.24036],[34.94497,31.23775],[34.94615,31.2367],[34.94372,31.23428],[34.93982,31.2336],[34.93794,31.22942],[34.93193,31.2264],[34.92877,31.21931],[34.92449,31.21661],[34.91863,31.21641],[34.91472,31.21741],[34.91382,31.21865],[34.91245,31.21779],[34.90772,31.22001],[34.90399,31.22004],[34.90274,31.22528],[34.8914,31.22574],[34.89039,31.22298],[34.88812,31.22579],[34.88942,31.22793],[34.88656,31.23129],[34.87977,31.23369],[34.87427,31.23171],[34.87485,31.22883],[34.8695,31.22881],[34.86952,31.22267],[34.8716,31.22196],[34.87063,31.21911],[34.8741,31.21861],[34.87393,31.21763],[34.85926,31.2192],[34.82953,31.22521],[34.83268,31.23755],[34.82924,31.24576],[34.82901,31.25059],[34.82998,31.25956],[34.83297,31.26157],[34.83077,31.26335],[34.82607,31.28075],[34.82643,31.29464],[34.82395,31.2987],[34.81994,31.3014],[34.79297,31.31048],[34.79336,31.32615],[34.79714,31.34057],[34.81014,31.3398],[34.81537,31.33828],[34.82038,31.33941],[34.82467,31.3377],[34.82289,31.34044],[34.81572,31.34493],[34.82663,31.34598],[34.83305,31.34993],[34.8363,31.34604],[34.83859,31.34495],[34.8416,31.34526],[34.84285,31.34573],[34.84471,31.35143],[34.84412,31.3544],[34.84626,31.35512],[34.84859,31.35395],[34.85063,31.35492],[34.85326,31.35324],[34.85807,31.3536],[34.85426,31.36163],[34.85176,31.36399],[34.84375,31.36735],[34.83173,31.36781],[34.81885,31.37633],[34.81262,31.37675],[34.7978,31.37273],[34.79494,31.39646],[34.79597,31.41016],[34.78934,31.42809],[34.77565,31.45679],[34.77524,31.46366],[34.77705,31.46903]]]}},
{"type":"Feature","properties":{"TahanaName":"תחנת הראל","TahanaShortName":"הראל","MerhavName":"ציון","MahozName":"ירושלים"},"geometry":{"type":"Polygon","coordinates":[[[35.17229,31.79831],[35.17209,31.79607],[35.17759,31.79505],[35.17201,31.79454],[35.16903,31.7899],[35.16706,31.79047],[35.16402,31.78666],[35.1648,31.78531],[35.1681,31.78431],[35.16725,31.78366],[35.16879,31.7843],[35.16859,31.78516],[35.16983,31.78466],[35.16594,31.78213],[35.16609,31.77863],[35.15818,31.77637],[35.15646,31.78057],[35.15485,31.77957],[35.15232,31.78174],[35.15144,31.78132],[35.15208,31.77638],[35.15613,31.77665],[35.15611,31.77499],[35.15333,31.77342],[35.1485,31.77462],[35.14087,31.77092],[35.13851,31.77428],[35.136,31.77544],[35.13559,31.77796],[35.12933,31.77704],[35.12739,31.7748],[35.1257,31.77585],[35.12727,31.7778],[35.13164,31.77814],[35.13259,31.78149],[35.13695,31.78424],[35.13753,31.78636],[35.13503,31.78647],[35.13369,31.78866],[35.13394,31.7905],[35.13654,31.79189],[35.13592,31.79316],[35.1316,31.79005],[35.12872,31.79031],[35.12751,31.78843],[35.12607,31.7897],[35.12449,31.7891],[35.12405,31.78698],[35.12025,31.79057],[35.11991,31.79015],[35.12144,31.7889],[35.12171,31.78762],[35.11871,31.78912],[35.11767,31.787],[35.11436,31.78625],[35.11365,31.78438],[35.11198,31.78825],[35.10769,31.79291],[35.10299,31.79245],[35.09946,31.79008],[35.09592,31.79068],[35.09531,31.795],[35.08957,31.80036],[35.07487,31.80029],[35.05893,31.80709],[35.05026,31.80357],[35.04627,31.80414],[35.04304,31.80614],[35.03326,31.80801],[35.02384,31.8157],[35.02624,31.81769],[35.02447,31.81898],[35.02708,31.82311],[35.03084,31.82646],[35.03099,31.82934],[35.03467,31.83279],[35.03546,31.83851],[35.03809,31.83907],[35.03724,31.84141],[35.04217,31.84143],[35.04678,31.84906],[35.04892,31.84845],[35.04757,31.84959],[35.05049,31.85218],[35.05928,31.85676],[35.06328,31.85518],[35.07109,31.85797],[35.07623,31.85503],[35.07875,31.85605],[35.08788,31.85558],[35.08456,31.85302],[35.09152,31.85141],[35.09651,31.84813],[35.09152,31.8478],[35.09418,31.84405],[35.09005,31.84551],[35.08791,31.8433],[35.09728,31.83449],[35.10055,31.83515],[35.09845,31.83314],[35.09659,31.83306],[35.10057,31.833],[35.09786,31.83077],[35.10085,31.82826],[35.09816,31.82872],[35.10423,31.8252],[35.116,31.82237],[35.11708,31.82495],[35.12063,31.82565],[35.12047,31.82882],[35.12382,31.829],[35.12481,31.83245],[35.13335,31.83191],[35.14089,31.82519],[35.14038,31.82379],[35.13784,31.82301],[35.13954,31.82081],[35.13905,31.81943],[35.13284,31.819],[35.13521,31.81682],[35.13892,31.81635],[35.13932,31.81397],[35.14131,31.8144],[35.14316,31.81327],[35.14301,31.81491],[35.14556,31.81233],[35.14896,31.81147],[35.15263,31.81315],[35.15742,31.81292],[35.15901,31.81425],[35.16187,31.81326],[35.16364,31.81813],[35.16118,31.82121],[35.16426,31.82136],[35.16632,31.81724],[35.16724,31.81738],[35.16481,31.82247],[35.16615,31.8283],[35.17181,31.81656],[35.17365,31.80964],[35.17742,31.80791],[35.18178,31.80778],[35.18284,31.80571],[35.17774,31.80304],[35.17322,31.80494],[35.16906,31.79638],[35.17493,31.80088],[35.18311,31.80195],[35.18755,31.7986],[35.18911,31.79598],[35.18306,31.80158],[35.17997,31.80035],[35.17526,31.80069],[35.17229,31.79831]]]}},
{"type":"Feature","properties":{"TahanaName":"תחנת קרית אתא","TahanaShortName":"ק. אתא","MerhavName":"אשר","MahozName":"חוף"},"geometry":{"type":"Polygon","coordinates":[[[35.10715,32.8649],[35.12162,32.86355],[35.12178,32.85991],[35.11872,32.85989],[35.11994,32.85235],[35.13292,32.85531],[35.15194,32.83504],[35.15614,32.83354],[35.15154,32.82355],[35.15003,32.82423],[35.14884,32.82296],[35.15011,32.81892],[35.13978,32.78839],[35.13184,32.77826],[35.13597,32.77846],[35.14022,32.77584],[35.14335,32.7757],[35.14461,32.77142],[35.14957,32.76883],[35.15,32.77322],[35.15177,32.77471],[35.16146,32.77379],[35.16128,32.76929],[35.16413,32.76871],[35.16266,32.76747],[35.16509,32.76654],[35.16483,32.76488],[35.16735,32.76349],[35.16853,32.76072],[35.16762,32.75963],[35.17254,32.75833],[35.17305,32.75319],[35.16976,32.75312],[35.16416,32.75011],[35.16107,32.75152],[35.16032,32.74989],[35.1623,32.7492],[35.16323,32.74486],[35.16876,32.74343],[35.17269,32.74589],[35.17371,32.74522],[35.17398,32.73987],[35.17729,32.73384],[35.1707,32.7339],[35.16195,32.72949],[35.16293,32.72465],[35.15974,32.72175],[35.1568,32.7213],[35.15132,32.7256],[35.13907,32.72106],[35.13776,32.71829],[35.13873,32.71577],[35.1363,32.71558],[35.1354,32.71324],[35.13621,32.70942],[35.13423,32.69997],[35.122,32.683],[35.10901,32.67322],[35.10785,32.67473],[35.10706,32.67386],[35.10341,32.67427],[35.10534,32.67747],[35.10439,32.68918],[35.09534,32.72569],[35.08442,32.73672],[35.08023,32.74514],[35.07019,32.753],[35.07775,32.7576],[35.07657,32.79162],[35.06218,32.79894],[35.06247,32.8005],[35.05744,32.80445],[35.06928,32.80674],[35.07667,32.81046],[35.08651,32.81173],[35.09153,32.81439],[35.09768,32.8311],[35.10231,32.83068],[35.102,32.83219],[35.10585,32.83493],[35.10371,32.83652],[35.10409,32.83768],[35.10145,32.83877],[35.10176,32.84358],[35.10727,32.84404],[35.10639,32.84614],[35.10999,32.85023],[35.10584,32.85312],[35.10715,32.8649]]]}},
{"type":"Feature","properties":{"TahanaName":"תחנת זכרון יעקב","TahanaShortName":"זכרון-יעקב","MerhavName":"מנשה","MahozName":"חוף"},"geometry":{"type":"Polygon","coordinates":[[[34.98749,32.71527],[34.99335,32.71501],[34.9957,32.71385],[34.99628,32.71197],[34.99362,32.71267],[34.99447,32.71038],[34.99839,32.71063],[35.00376,32.70768],[35.00974,32.69867],[35.01585,32.6979],[35.01596,32.6935],[35.01868,32.69327],[35.0193,32.69038],[35.02113,32.69069],[35.02341,32.68917],[35.0245,32.68636],[35.0321,32.68432],[35.03803,32.67881],[35.03819,32.67484],[35.03543,32.67236],[35.02971,32.67161],[35.02853,32.66785],[35.03424,32.66905],[35.04004,32.66548],[35.04001,32.66805],[35.04305,32.67098],[35.04724,32.6713],[35.04977,32.67362],[35.05518,32.67457],[35.05589,32.66945],[35.05295,32.66662],[35.05395,32.66331],[35.06261,32.65344],[35.05688,32.64707],[35.05626,32.64476],[35.0644,32.63618],[35.06208,32.62818],[35.05603,32.62043],[35.05114,32.61641],[35.04802,32.61177],[35.04224,32.61077],[35.04217,32.60947],[35.0447,32.60861],[35.04514,32.60718],[35.04146,32.60178],[35.039,32.59494],[35.03944,32.5927],[35.03726,32.59042],[35.03862,32.58872],[35.03607,32.5847],[35.04339,32.58331],[35.04088,32.56643],[35.03165,32.55455],[35.03087,32.54426],[35.02691,32.53544],[35.0267,32.52463],[35.02491,32.52253],[35.02585,32.50469],[35.02506,32.48149],[35.01751,32.47799],[35.01538,32.47829],[35.01038,32.46795],[35.00841,32.46634],[35.00385,32.46641],[35.00384,32.46507],[35.0123,32.46529],[35.01343,32.46669],[35.01736,32.46624],[35.01318,32.46226],[35.00986,32.45571],[35.00972,32.45102],[35.00169,32.44599],[34.99866,32.44723],[34.99783,32.44658],[34.998,32.45041],[34.99606,32.45406],[34.99387,32.45402],[34.9912,32.45187],[34.98666,32.45856],[34.98534,32.45668],[34.9836,32.45689],[34.97562,32.45293],[34.96711,32.45157],[34.96169,32.44947],[34.96252,32.4522],[34.95988,32.45218],[34.96333,32.45767],[34.96258,32.45873],[34.94265,32.45886],[34.94262,32.4638],[34.95414,32.48051],[34.95255,32.49988],[34.94922,32.49904],[34.94649,32.50044],[34.93431,32.50065],[34.92986,32.50177],[34.93108,32.50846],[34.93069,32.51756],[34.92988,32.52047],[34.92308,32.51961],[34.92224,32.53174],[34.9186,32.5344],[34.92102,32.54575],[34.918,32.54954],[34.91394,32.54971],[34.90726,32.539],[34.9054,32.53849],[34.90182,32.54015],[34.90491,32.54968],[34.90536,32.55559],[34.91172,32.57397],[34.91719,32.60522],[34.91634,32.60824],[34.91517,32.60737],[34.9135,32.60871],[34.91506,32.61234],[34.91411,32.61336],[34.91752,32.61433],[34.91744,32.61567],[34.91483,32.61646],[34.91607,32.61776],[34.91516,32.61921],[34.91694,32.61852],[34.91625,32.61961],[34.91765,32.62281],[34.91781,32.62039],[34.92045,32.62232],[34.91851,32.62455],[34.91998,32.62717],[34.91883,32.62859],[34.92107,32.62898],[34.92072,32.62993],[34.91919,32.62975],[34.92173,32.63188],[34.92211,32.63533],[34.92088,32.6367],[34.92348,32.63879],[34.92295,32.64111],[34.92105,32.64247],[34.92392,32.64381],[34.92219,32.647],[34.92467,32.64763],[34.92346,32.64946],[34.92513,32.64954],[34.92601,32.65121],[34.92709,32.65848],[34.92613,32.65961],[34.92523,32.6589],[34.9242,32.66081],[34.92615,32.66095],[34.92726,32.66242],[34.92768,32.66944],[34.93102,32.66992],[34.93242,32.67132],[34.93771,32.67075],[34.93917,32.67635],[34.94958,32.68786],[34.95175,32.69294],[34.95254,32.70782],[34.9538,32.71003],[34.95754,32.71095],[34.97063,32.71037],[34.97148,32.7131],[34.97629,32.71374],[34.97947,32.71294],[34.98749,32.71527]]]}},
{"type":"Feature","properties":{"TahanaName":"תחנת חברון","TahanaShortName":"חברון","MerhavName":"יהודה","MahozName":"ש\"י"},"geometry":{"type":"Polygon","coordinates":[[[35.01295,31.65226],[35.02252,31.64569],[35.02024,31.64243],[35.02147,31.63848],[35.03365,31.63916],[35.0323,31.63514],[35.03535,31.63511],[35.0335,31.63352],[35.03417,31.63072],[35.04311,31.62603],[35.04892,31.61881],[35.05666,31.61931],[35.05763,31.61662],[35.06591,31.61398],[35.07064,31.6091],[35.07972,31.60555],[35.07719,31.60577],[35.07512,31.60225],[35.0799,31.59924],[35.08129,31.5968],[35.08092,31.59284],[35.083,31.58948],[35.08285,31.58662],[35.08075,31.58752],[35.08119,31.5858],[35.08533,31.58308],[35.08081,31.58289],[35.08017,31.58175],[35.07492,31.58045],[35.07491,31.57666],[35.07313,31.57551],[35.0741,31.57486],[35.07683,31.57612],[35.08069,31.57587],[35.08059,31.57274],[35.09094,31.56567],[35.09417,31.56825],[35.09465,31.56679],[35.10225,31.56406],[35.10484,31.56523],[35.10644,31.56476],[35.10707,31.5658],[35.10832,31.56538],[35.10788,31.56424],[35.11175,31.56459],[35.11298,31.57011],[35.11629,31.57223],[35.12293,31.57306],[35.12561,31.57205],[35.12784,31.57295],[35.13546,31.57123],[35.13533,31.57025],[35.13781,31.57004],[35.1375,31.56882],[35.14026,31.56843],[35.14037,31.56346],[35.14691,31.5608],[35.15258,31.561],[35.1578,31.55675],[35.16261,31.55593],[35.16414,31.55348],[35.16989,31.55386],[35.17183,31.5529],[35.17406,31.55407],[35.17613,31.55272],[35.17704,31.55453],[35.18141,31.55643],[35.18152,31.55834],[35.18287,31.55905],[35.18979,31.55624],[35.18894,31.55494],[35.19192,31.55277],[35.1988,31.55416],[35.20222,31.55238],[35.20795,31.55224],[35.20981,31.55044],[35.22225,31.547],[35.22281,31.54324],[35.23024,31.54346],[35.23436,31.54],[35.23559,31.54005],[35.23612,31.54325],[35.23758,31.54344],[35.23986,31.54165],[35.23966,31.5434],[35.24114,31.54377],[35.24286,31.53785],[35.24158,31.53292],[35.24444,31.53233],[35.24732,31.5297],[35.2553,31.52883],[35.25967,31.52446],[35.26209,31.52426],[35.26874,31.51683],[35.27981,31.51195],[35.28544,31.507],[35.29938,31.5032],[35.30629,31.49789],[35.30526,31.49573],[35.30737,31.49486],[35.30648,31.49358],[35.30899,31.49167],[35.30917,31.48581],[35.31244,31.48631],[35.31414,31.48483],[35.31626,31.48479],[35.31334,31.48289],[35.31183,31.48013],[35.3151,31.4774],[35.31775,31.47711],[35.31782,31.47505],[35.32142,31.47534],[35.32323,31.47378],[35.32655,31.47661],[35.32574,31.47232],[35.32821,31.47229],[35.32879,31.47055],[35.33119,31.47128],[35.33014,31.4683],[35.33165,31.46876],[35.33412,31.46721],[35.33864,31.46975],[35.34206,31.46917],[35.34431,31.46507],[35.34955,31.46399],[35.35032,31.46045],[35.3482,31.45768],[35.35126,31.45567],[35.34938,31.45298],[35.34289,31.45152],[35.33108,31.45096],[35.32933,31.44861],[35.32708,31.44797],[35.31603,31.44748],[35.30876,31.44962],[35.30558,31.45358],[35.30254,31.44794],[35.30411,31.44694],[35.30348,31.44613],[35.299,31.44748],[35.29594,31.4452],[35.28861,31.44405],[35.28766,31.442],[35.28478,31.44164],[35.28457,31.43578],[35.28213,31.43721],[35.27664,31.43203],[35.27897,31.42855],[35.27488,31.42271],[35.27267,31.42154],[35.27113,31.42199],[35.26881,31.41911],[35.26416,31.41871],[35.26229,31.4197],[35.25555,31.41804],[35.25281,31.41425],[35.25276,31.41179],[35.25355,31.40977],[35.25928,31.40532],[35.25773,31.40337],[35.2586,31.40038],[35.26255,31.39831],[35.26115,31.39534],[35.25971,31.39645],[35.25658,31.39626],[35.25576,31.39753],[35.25191,31.39532],[35.24738,31.39583],[35.24637,31.39395],[35.24427,31.39505],[35.24326,31.39302],[35.24034,31.39305],[35.23849,31.3948],[35.23885,31.39325],[35.2361,31.39267],[35.23717,31.39188],[35.23489,31.38966],[35.23337,31.38246],[35.22838,31.37888],[35.22426,31.38053],[35.22009,31.38009],[35.21421,31.37613],[35.21227,31.37618],[35.20689,31.37144],[35.20392,31.37124],[35.1998,31.37274],[35.19623,31.37112],[35.19551,31.36867],[35.19426,31.37162],[35.19216,31.37288],[35.19226,31.37535],[35.19083,31.37465],[35.19006,31.37116],[35.18559,31.36497],[35.18083,31.36618],[35.17766,31.36245],[35.17444,31.36473],[35.17459,31.36103],[35.17148,31.35734],[35.16414,31.35874],[35.15862,31.35652],[35.15768,31.35733],[35.15443,31.35679],[35.15075,31.35893],[35.14814,31.3576],[35.14578,31.35826],[35.14491,31.3528],[35.14264,31.35119],[35.14292,31.35414],[35.14111,31.3563],[35.13652,31.35746],[35.13292,31.35631],[35.12146,31.36343],[35.11688,31.36251],[35.11518,31.35907],[35.10681,31.3553],[35.10204,31.3555],[35.0981,31.35853],[35.09527,31.35628],[35.07619,31.35551],[35.07366,31.35986],[35.06943,31.36054],[35.06226,31.35787],[35.0508,31.35828],[35.04613,31.36072],[35.03756,31.35839],[35.03109,31.36179],[35.02984,31.3604],[35.02451,31.35939],[35.0115,31.35996],[35.01103,31.35817],[35.0072,31.35809],[35.00287,31.35598],[34.99803,31.35761],[34.99703,31.35603],[34.99532,31.35655],[34.99374,31.35492],[34.98943,31.35442],[34.98632,31.35148],[34.98241,31.35202],[34.98047,31.35091],[34.97924,31.35286],[34.97751,31.35319],[34.9759,31.3515],[34.974,31.3519],[34.97257,31.34985],[34.96961,31.35066],[34.96755,31.34885],[34.96487,31.35121],[34.96002,31.34855],[34.94757,31.34757],[34.93996,31.34515],[34.93293,31.34565],[34.93088,31.34404],[34.92486,31.34341],[34.91996,31.34467],[34.91334,31.35007],[34.91072,31.35482],[34.90625,31.35777],[34.90833,31.3652],[34.90442,31.36892],[34.89528,31.36834],[34.89049,31.36995],[34.88587,31.38277],[34.88033,31.3924],[34.88088,31.39504],[34.88195,31.39505],[34.88716,31.41045],[34.90352,31.44367],[34.91104,31.44547],[34.91311,31.45046],[34.91129,31.45166],[34.91083,31.45408],[34.91773,31.45669],[34.92538,31.46593],[34.9295,31.4674],[34.92987,31.47483],[34.93992,31.48563],[34.9398,31.4919],[34.94472,31.50357],[34.94355,31.50756],[34.94493,31.51291],[34.94274,31.51545],[34.94011,31.52437],[34.94488,31.53315],[34.94194,31.53678],[34.94194,31.54034],[34.94369,31.54314],[34.94282,31.54933],[34.94649,31.55228],[34.94312,31.55537],[34.94405,31.55812],[34.94282,31.56096],[34.94381,31.56237],[34.95028,31.56416],[34.94575,31.56862],[34.94982,31.57121],[34.94818,31.57605],[34.94978,31.5802],[34.94934,31.58417],[34.95463,31.58781],[34.96465,31.58542],[34.96112,31.5887],[34.96478,31.5905],[34.96393,31.59149],[34.96757,31.59275],[34.966,31.60649],[34.97801,31.61253],[34.97694,31.61576],[34.9795,31.61938],[34.97935,31.62556],[34.99352,31.63228],[34.99733,31.64183],[34.99958,31.64424],[34.99948,31.64782],[35.00098,31.64791],[35.00311,31.64501],[35.00782,31.65236],[35.01237,31.65511],[35.01295,31.65226]]]}},
{"type":"Feature","properties":{"TahanaName":"תחנת חדרה","TahanaShortName":"חדרה","MerhavName":"מנשה","MahozName":"חוף"},"geometry":{"type":"Polygon","coordinates":[[[34.90066,32.53193],[34.91504,32.5297],[34.91455,32.52312],[34.92218,32.52407],[34.92308,32.51961],[34.92988,32.52047],[34.93108,32.50846],[34.92951,32.50354],[34.93015,32.5015],[34.94649,32.50044],[34.94922,32.49904],[34.95255,32.49988],[34.95414,32.48051],[34.94262,32.4638],[34.94265,32.45886],[34.96258,32.45873],[34.96333,32.45767],[34.95988,32.45218],[34.96252,32.4522],[34.96169,32.44947],[34.96711,32.45157],[34.97562,32.45293],[34.9836,32.45689],[34.98534,32.45668],[34.98666,32.45856],[34.9912,32.45187],[34.99387,32.45402],[34.99606,32.45406],[34.998,32.45041],[34.99783,32.44658],[34.99866,32.44723],[35.00202,32.44579],[34.99962,32.44277],[34.99656,32.44157],[34.9966,32.44025],[35.00198,32.44049],[34.99555,32.43104],[34.99584,32.42406],[34.99282,32.42264],[34.99921,32.41414],[34.98558,32.40845],[34.98546,32.40419],[34.98191,32.40133],[34.97947,32.40682],[34.95841,32.40496],[34.94334,32.40906],[34.93322,32.40979],[34.92948,32.40401],[34.9242,32.40468],[34.9217,32.40367],[34.91632,32.40567],[34.9152,32.40306],[34.88865,32.40726],[34.88871,32.40983],[34.88286,32.40861],[34.8829,32.41102],[34.87398,32.4131],[34.87213,32.41156],[34.8703,32.41256],[34.87157,32.41596],[34.87025,32.41703],[34.87239,32.41932],[34.87759,32.44014],[34.87686,32.44228],[34.87858,32.4443],[34.87788,32.44657],[34.88397,32.46514],[34.88085,32.46766],[34.87922,32.47356],[34.88105,32.468],[34.88358,32.46787],[34.88526,32.47232],[34.88118,32.47309],[34.88453,32.47293],[34.88868,32.48561],[34.88867,32.49255],[34.88673,32.49232],[34.88807,32.49338],[34.88702,32.49425],[34.88992,32.49401],[34.88858,32.49555],[34.88967,32.49681],[34.88803,32.49706],[34.89003,32.4981],[34.89058,32.50077],[34.88879,32.50203],[34.88877,32.50283],[34.89082,32.50209],[34.89069,32.50377],[34.88938,32.50377],[34.89108,32.50416],[34.89528,32.50899],[34.90066,32.53193]]]}},
{"type":"Feature","properties":{"TahanaName":"תחנת חולון","TahanaShortName":"חולון","MerhavName":"איילון","MahozName":"ת\"א"},"geometry":{"type":"Polygon","coordinates":[[[34.75815,31.99507],[34.75885,32.00115],[34.75511,32.00193],[34.75721,32.0081],[34.76091,32.00745],[34.7615,32.00974],[34.75916,32.03435],[34.76087,32.0366],[34.76885,32.03512],[34.76924,32.03638],[34.774,32.0357],[34.77922,32.03782],[34.78482,32.04523],[34.78661,32.04523],[34.78645,32.04686],[34.78821,32.04681],[34.79077,32.04133],[34.79826,32.03908],[34.80222,32.03598],[34.80878,32.03343],[34.81337,32.03427],[34.81905,32.02582],[34.82165,32.02446],[34.82596,32.02447],[34.82262,32.01959],[34.82476,32.0164],[34.82004,32.01573],[34.81643,32.01161],[34.81644,32.00787],[34.81463,32.00926],[34.805,31.99993],[34.80627,31.99794],[34.80063,31.99694],[34.79723,31.98941],[34.77976,31.99089],[34.76498,31.99671],[34.76161,31.99265],[34.75815,31.99507]]]}},
{"type":"Feature","properties":{"TahanaName":"תחנת חיפה","TahanaShortName":"חיפה","MerhavName":"כרמל","MahozName":"חוף"},"geometry":{"type":"Polygon","coordinates":[[[34.98034,32.83647],[34.98598,32.83568],[34.9897,32.83216],[34.99085,32.83333],[35.00001,32.83363],[34.99202,32.83273],[34.992,32.83173],[34.99649,32.83088],[34.9967,32.82982],[34.99869,32.83199],[34.99782,32.8285],[35.00276,32.82655],[34.9918,32.83041],[34.99081,32.82837],[34.99418,32.82676],[34.99234,32.82724],[34.99151,32.82608],[34.99925,32.82338],[35.00433,32.81804],[35.00554,32.81811],[35.00479,32.82061],[35.00659,32.81818],[35.00545,32.82181],[35.00687,32.81821],[35.00824,32.82275],[35.00707,32.82229],[35.00695,32.82241],[35.00843,32.82302],[35.00951,32.82283],[35.01148,32.81414],[35.01412,32.81454],[35.01295,32.8207],[35.0156,32.82105],[35.0177,32.81258],[35.01924,32.81238],[35.0199,32.81421],[35.02287,32.81607],[35.01958,32.81273],[35.02384,32.81347],[35.02351,32.81365],[35.02291,32.81502],[35.02802,32.81209],[35.02759,32.80479],[35.0307,32.80143],[35.02702,32.80107],[35.03229,32.80029],[35.03484,32.80124],[35.03288,32.79902],[35.01947,32.79809],[35.02803,32.78943],[35.02812,32.78663],[35.03101,32.78449],[35.02885,32.78352],[35.02808,32.78098],[35.02066,32.78171],[35.01581,32.77867],[35.01489,32.77243],[35.01737,32.77179],[35.01678,32.76911],[35.01534,32.76672],[35.0152,32.76846],[35.01426,32.7676],[35.01306,32.76897],[35.01107,32.76718],[35.01616,32.76249],[35.01141,32.76316],[35.00678,32.76231],[35.00494,32.76356],[35.00386,32.76305],[35.00332,32.76436],[34.99844,32.76229],[34.9994,32.76098],[34.99662,32.75683],[34.99367,32.7582],[34.99119,32.75794],[34.98677,32.7603],[34.98316,32.76017],[34.98114,32.76164],[34.97637,32.76226],[34.97746,32.77072],[34.97221,32.77283],[34.96617,32.77303],[34.96304,32.77441],[34.96148,32.79234],[34.95767,32.7911],[34.95699,32.7842],[34.95454,32.78443],[34.95501,32.79665],[34.95657,32.80286],[34.95611,32.80481],[34.95422,32.80506],[34.95418,32.80676],[34.95615,32.80779],[34.95424,32.81542],[34.95507,32.82537],[34.95871,32.82628],[34.96466,32.83102],[34.97288,32.83248],[34.97699,32.83432],[34.97797,32.83636],[34.9784,32.83527],[34.98034,32.83647]]]}},
{"type":"Feature","properties":{"TahanaName":"תחנת טבריה","TahanaShortName":"טבריה","MerhavName":"כנרת","MahozName":"צפון"},"geometry":{"type":"Polygon","coordinates":[[[35.60611,32.91989],[35.6069,32.9137],[35.60475,32.91211],[35.6047,32.90967],[35.60621,32.90836],[35.60808,32.89757],[35.61137,32.90096],[35.61627,32.902],[35.61839,32.90441],[35.64697,32.90333],[35.64783,32.90133],[35.65715,32.89542],[35.66086,32.88687],[35.66024,32.88232],[35.65041,32.8667],[35.65277,32.84684],[35.64917,32.82717],[35.65028,32.81793],[35.64512,32.80902],[35.64432,32.79207],[35.6464,32.79176],[35.64766,32.78627],[35.65328,32.78396],[35.65332,32.78184],[35.65142,32.78035],[35.65368,32.781],[35.65357,32.77873],[35.66222,32.77596],[35.66276,32.77276],[35.66454,32.77384],[35.66699,32.77138],[35.66634,32.76743],[35.6609,32.76587],[35.65833,32.76205],[35.65695,32.75502],[35.65913,32.75078],[35.65891,32.74561],[35.65516,32.74359],[35.65098,32.73509],[35.65073,32.72932],[35.64877,32.72691],[35.65037,32.7212],[35.64936,32.71435],[35.64579,32.71253],[35.64588,32.71047],[35.64148,32.70551],[35.64542,32.70246],[35.64785,32.69751],[35.64971,32.69736],[35.65291,32.69461],[35.65257,32.69365],[35.65001,32.694],[35.65196,32.68918],[35.65086,32.68906],[35.6504,32.6882],[35.65289,32.68865],[35.65328,32.68732],[35.65226,32.68748],[35.65381,32.68675],[35.65414,32.68725],[35.65397,32.68901],[35.6542,32.68955],[35.65904,32.68612],[35.65997,32.68743],[35.66459,32.68737],[35.67207,32.69096],[35.67496,32.68617],[35.67411,32.68471],[35.67033,32.68459],[35.66374,32.68022],[35.65874,32.68496],[35.65592,32.6853],[35.64534,32.67759],[35.64328,32.67819],[35.64229,32.68128],[35.63471,32.68637],[35.62774,32.67929],[35.62437,32.67776],[35.62058,32.67791],[35.61768,32.6804],[35.61238,32.67849],[35.60739,32.67546],[35.60553,32.6706],[35.60033,32.66952],[35.59818,32.66759],[35.60659,32.66027],[35.60606,32.65166],[35.59762,32.65098],[35.59372,32.65308],[35.58934,32.65005],[35.59168,32.64625],[35.58648,32.64161],[35.5844,32.64382],[35.5801,32.64473],[35.57832,32.64411],[35.5779,32.64155],[35.57478,32.64057],[35.57257,32.64151],[35.57325,32.64547],[35.56986,32.64917],[35.57056,32.65175],[35.56989,32.65406],[35.56877,32.65381],[35.56985,32.65419],[35.56949,32.6555],[35.56613,32.65767],[35.56442,32.6608],[35.5639,32.66704],[35.5606,32.67212],[35.55797,32.6727],[35.55643,32.67452],[35.55674,32.677],[35.56184,32.68154],[35.56128,32.6828],[35.56007,32.68365],[35.55729,32.68221],[35.54887,32.68261],[35.54641,32.68423],[35.54429,32.67922],[35.54085,32.67664],[35.54288,32.67464],[35.54255,32.67136],[35.54549,32.66975],[35.54816,32.66471],[35.54765,32.66376],[35.5446,32.66387],[35.54655,32.66141],[35.54663,32.65677],[35.54543,32.65576],[35.54597,32.65418],[35.54971,32.65243],[35.55528,32.65376],[35.55191,32.65131],[35.55174,32.64927],[35.54534,32.64539],[35.55175,32.64322],[35.55049,32.64152],[35.55184,32.64004],[35.55127,32.63816],[35.55488,32.63679],[35.55548,32.6325],[35.55499,32.62952],[35.55412,32.63071],[35.55285,32.62862],[35.5467,32.6261],[35.54928,32.62407],[35.54678,32.6165],[35.54393,32.61451],[35.543,32.61032],[35.53629,32.6116],[35.53559,32.61353],[35.53337,32.61364],[35.53005,32.61639],[35.52532,32.61558],[35.52221,32.61748],[35.51853,32.61685],[35.5167,32.61808],[35.51402,32.61791],[35.51254,32.61932],[35.50562,32.62028],[35.4992,32.62394],[35.4839,32.62502],[35.48174,32.62824],[35.47339,32.6353],[35.46942,32.63706],[35.4716,32.64192],[35.47107,32.64407],[35.46672,32.64621],[35.46716,32.6473],[35.47016,32.64726],[35.46868,32.65038],[35.47049,32.65224],[35.46554,32.65171],[35.46299,32.65524],[35.45909,32.656],[35.45632,32.6543],[35.45386,32.6549],[35.45268,32.65661],[35.45512,32.6572],[35.453,32.65966],[35.45791,32.66993],[35.45503,32.66847],[35.45411,32.6698],[35.45244,32.66972],[35.45279,32.67123],[35.44808,32.67259],[35.44513,32.67029],[35.44249,32.67067],[35.44564,32.67841],[35.44453,32.68144],[35.44676,32.68429],[35.44579,32.68617],[35.44138,32.6879],[35.43976,32.6905],[35.43226,32.68773],[35.42825,32.6911],[35.43154,32.70132],[35.43224,32.70729],[35.43076,32.70829],[35.4208,32.71048],[35.41302,32.71054],[35.41214,32.70231],[35.40684,32.69888],[35.40181,32.70231],[35.40058,32.70411],[35.40181,32.70524],[35.40021,32.70727],[35.38971,32.70691],[35.3876,32.70477],[35.37905,32.71033],[35.37425,32.7157],[35.37421,32.71729],[35.37543,32.72174],[35.37827,32.72435],[35.37767,32.72754],[35.38361,32.72784],[35.38319,32.72985],[35.37652,32.73475],[35.37819,32.73761],[35.37956,32.73694],[35.38038,32.73822],[35.38278,32.7386],[35.38309,32.74171],[35.38013,32.74508],[35.38247,32.74839],[35.38276,32.75131],[35.38604,32.75298],[35.38627,32.75503],[35.38772,32.75559],[35.38613,32.75713],[35.38492,32.76342],[35.38934,32.76455],[35.39349,32.76438],[35.39403,32.76286],[35.39913,32.76382],[35.39865,32.76675],[35.39203,32.76804],[35.39178,32.77155],[35.40354,32.77605],[35.40649,32.77609],[35.40523,32.79006],[35.39878,32.7858],[35.40134,32.79569],[35.39717,32.79729],[35.39559,32.80188],[35.39465,32.80171],[35.3956,32.8],[35.39466,32.79698],[35.38985,32.79698],[35.38843,32.79851],[35.3881,32.7954],[35.38545,32.79586],[35.38808,32.7906],[35.38411,32.78789],[35.381,32.78896],[35.37977,32.79367],[35.37652,32.79686],[35.36803,32.79901],[35.36373,32.79847],[35.36036,32.79665],[35.35665,32.79982],[35.35264,32.79905],[35.35062,32.80309],[35.35229,32.80345],[35.35142,32.80516],[35.35299,32.80599],[35.35236,32.80752],[35.35647,32.80906],[35.35361,32.81516],[35.35699,32.81672],[35.35554,32.82095],[35.38051,32.82545],[35.37976,32.82792],[35.38305,32.82767],[35.38472,32.82515],[35.38628,32.82627],[35.38448,32.83018],[35.38654,32.83201],[35.39261,32.83272],[35.39614,32.83459],[35.39814,32.84225],[35.40076,32.84537],[35.39897,32.85192],[35.40046,32.8571],[35.39665,32.85768],[35.38928,32.86189],[35.39078,32.86331],[35.39046,32.8663],[35.38674,32.86952],[35.38494,32.87389],[35.38773,32.87445],[35.3852,32.87847],[35.38997,32.87683],[35.39028,32.88212],[35.38739,32.88335],[35.38345,32.88898],[35.37909,32.89083],[35.37935,32.89212],[35.38257,32.89254],[35.38853,32.89134],[35.39075,32.89318],[35.38738,32.89879],[35.38817,32.89943],[35.39081,32.89742],[35.39358,32.89854],[35.39933,32.89547],[35.40007,32.8965],[35.40132,32.89587],[35.40422,32.89682],[35.40449,32.89598],[35.40732,32.89599],[35.4091,32.8967],[35.40863,32.89752],[35.41129,32.89783],[35.40991,32.89956],[35.41124,32.90036],[35.41553,32.8993],[35.41352,32.90274],[35.41655,32.90496],[35.42205,32.90539],[35.4261,32.90756],[35.43002,32.90469],[35.43127,32.90578],[35.43085,32.90763],[35.43375,32.9095],[35.44057,32.90941],[35.44817,32.90609],[35.45788,32.90453],[35.46917,32.90685],[35.47526,32.91024],[35.47384,32.905],[35.47929,32.89792],[35.47984,32.88896],[35.48402,32.88744],[35.49006,32.88851],[35.49479,32.88682],[35.49859,32.8872],[35.5054,32.88535],[35.50765,32.886],[35.50746,32.8839],[35.50878,32.88324],[35.51266,32.8838],[35.51367,32.88656],[35.51553,32.88741],[35.51786,32.88403],[35.52322,32.88354],[35.53243,32.87498],[35.53321,32.87048],[35.53984,32.8715],[35.54244,32.87481],[35.54599,32.8766],[35.54567,32.87428],[35.54828,32.87483],[35.55143,32.87312],[35.55728,32.87407],[35.57021,32.88187],[35.58778,32.88975],[35.5911,32.89338],[35.5981,32.8939],[35.59671,32.89933],[35.59808,32.91133],[35.59574,32.91323],[35.60611,32.91989]]]}},
{"type":"Feature","properties":{"TahanaName":"תחנת טייבה","TahanaShortName":"טייבה","MerhavName":"שרון","MahozName":"מרכז"},"geometry":{"type":"Polygon","coordinates":[[[35.02384,32.3784],[35.02688,32.37883],[35.03002,32.37637],[35.04238,32.37777],[35.05246,32.37563],[35.05133,32.36725],[35.06027,32.3614],[35.05651,32.35531],[35.05064,32.35297],[35.0477,32.35303],[35.04708,32.35135],[35.04576,32.35263],[35.04428,32.35023],[35.04185,32.35084],[35.04038,32.34888],[35.03569,32.34655],[35.03125,32.3463],[35.02983,32.34481],[35.03038,32.34194],[35.02861,32.34074],[35.01843,32.34009],[35.01666,32.33837],[35.01607,32.3198],[35.01053,32.29332],[35.01588,32.29077],[35.01508,32.28498],[35.02128,32.28186],[35.03628,32.28245],[35.03909,32.28063],[35.03678,32.2747],[35.03017,32.27526],[35.03196,32.27282],[35.03125,32.26294],[35.02958,32.25996],[35.02651,32.25988],[35.02361,32.25704],[35.02354,32.25144],[35.01421,32.24667],[35.01718,32.24645],[35.01569,32.2426],[35.01944,32.24104],[35.01894,32.23605],[34.99849,32.23387],[34.98796,32.23779],[34.9844,32.23206],[34.97885,32.23257],[34.98201,32.23927],[34.97539,32.24118],[34.97572,32.24318],[34.97413,32.24382],[34.97609,32.24537],[34.97575,32.24717],[34.97763,32.24876],[34.97638,32.24921],[34.97797,32.25163],[34.973,32.25176],[34.97704,32.25517],[34.97485,32.26059],[34.97993,32.27473],[34.97021,32.27802],[34.97018,32.27908],[34.96776,32.27882],[34.96737,32.28116],[34.96107,32.28003],[34.96298,32.284],[34.95665,32.28503],[34.95712,32.29374],[34.95742,32.29465],[34.95967,32.29329],[34.96007,32.29499],[34.96231,32.29557],[34.96882,32.30888],[34.97233,32.30892],[34.97822,32.30441],[34.98217,32.30431],[34.98484,32.3124],[34.99903,32.31218],[34.99956,32.3219],[35.0021,32.32813],[35.00866,32.33692],[35.0088,32.34227],[35.01564,32.35763],[35.01465,32.37285],[35.01892,32.38278],[35.02213,32.38118],[35.02384,32.3784]]]}},
{"type":"Feature","properties":{"TahanaName":"תחנת טירה","TahanaShortName":"טירה","MerhavName":"שרון","MahozName":"מרכז"},"geometry":{"type":"Polygon","coordinates":[[[34.95685,32.25375],[34.96704,32.25046],[34.96741,32.25181],[34.97797,32.25165],[34.97609,32.24537],[34.97409,32.24361],[34.97572,32.24318],[34.97539,32.24118],[34.98201,32.23927],[34.97885,32.23257],[34.9844,32.23206],[34.98796,32.23779],[34.99841,32.23388],[35.01327,32.23602],[35.01353,32.23492],[35.01011,32.23217],[35.01082,32.23065],[35.00507,32.22406],[34.99168,32.21304],[34.98913,32.20746],[34.98481,32.20674],[34.97456,32.20074],[34.96483,32.20054],[34.96206,32.19901],[34.9573,32.19067],[34.95974,32.17522],[34.96146,32.17287],[34.95911,32.17266],[34.95795,32.17307],[34.95875,32.17472],[34.95593,32.19454],[34.9572,32.19969],[34.96192,32.20778],[34.94731,32.20965],[34.9336,32.21338],[34.93265,32.21101],[34.92924,32.21281],[34.92581,32.20926],[34.92268,32.21189],[34.91402,32.21176],[34.9108,32.21537],[34.91292,32.21584],[34.91434,32.21486],[34.91873,32.21703],[34.91763,32.21897],[34.91969,32.2222],[34.92915,32.22114],[34.92792,32.22776],[34.93756,32.22697],[34.93622,32.23125],[34.93744,32.23839],[34.94058,32.23787],[34.94208,32.24248],[34.94602,32.2448],[34.9489,32.24464],[34.95361,32.25157],[34.95685,32.25375]]]}},
{"type":"Feature","properties":{"TahanaName":"תחנת טירת כרמל","TahanaShortName":"טירת כרמל","MerhavName":"כרמל","MahozName":"חוף"},"geometry":{"type":"Polygon","coordinates":[[[34.97976,32.74867],[34.97127,32.74507],[34.97068,32.74265],[34.96902,32.7421],[34.97083,32.7388],[34.96956,32.73137],[34.9683,32.73162],[34.97074,32.73097],[34.9716,32.72763],[34.96996,32.7245],[34.97054,32.72136],[34.97215,32.72118],[34.97377,32.72315],[34.97652,32.72228],[34.98,32.72527],[34.98963,32.72178],[34.98805,32.72043],[34.99096,32.71955],[34.98669,32.71484],[34.97947,32.71294],[34.97629,32.71374],[34.97148,32.7131],[34.97063,32.71037],[34.95754,32.71095],[34.9538,32.71003],[34.95254,32.70782],[34.95185,32.69346],[34.94983,32.68825],[34.93917,32.67635],[34.93771,32.67075],[34.93242,32.67132],[34.93102,32.66992],[34.92853,32.66992],[34.92894,32.67817],[34.92602,32.67974],[34.92769,32.68154],[34.92678,32.68285],[34.92821,32.68352],[34.92611,32.68581],[34.92805,32.68637],[34.92744,32.68749],[34.92913,32.68857],[34.92683,32.69243],[34.92747,32.69805],[34.92861,32.69849],[34.92897,32.70122],[34.93016,32.69833],[34.93416,32.69992],[34.93536,32.70325],[34.93421,32.70455],[34.93195,32.70453],[34.93226,32.70601],[34.93377,32.70686],[34.93622,32.70564],[34.93986,32.70715],[34.94354,32.7138],[34.94907,32.7396],[34.95454,32.78443],[34.95699,32.7842],[34.95731,32.79059],[34.95939,32.79218],[34.96172,32.79178],[34.96304,32.77441],[34.96617,32.77303],[34.97221,32.77283],[34.97746,32.77072],[34.97587,32.7627],[34.98356,32.76015],[34.98096,32.75854],[34.97598,32.75848],[34.9791,32.75657],[34.97882,32.74959],[34.97976,32.74867]]]}},
{"type":"Feature","properties":{"TahanaName":"תחנת טמרה","TahanaShortName":"טמרה","MerhavName":"גליל","MahozName":"צפון"},"geometry":{"type":"Polygon","coordinates":[[[35.20605,32.89916],[35.22452,32.8967],[35.2303,32.89427],[35.24239,32.89491],[35.24771,32.89236],[35.24659,32.88942],[35.25121,32.88386],[35.25408,32.88351],[35.251,32.87693],[35.25007,32.87954],[35.24673,32.87879],[35.24623,32.88078],[35.24309,32.88048],[35.24226,32.88321],[35.23947,32.88412],[35.23735,32.8805],[35.23757,32.88159],[35.23524,32.88276],[35.23091,32.88208],[35.2324,32.87871],[35.23509,32.87681],[35.23318,32.87625],[35.23834,32.8743],[35.23744,32.87074],[35.22829,32.86664],[35.23205,32.86395],[35.22901,32.86413],[35.22192,32.86118],[35.22944,32.85805],[35.23472,32.85138],[35.23732,32.85043],[35.23508,32.84918],[35.24059,32.84728],[35.23683,32.84681],[35.23896,32.84395],[35.23455,32.8409],[35.23705,32.83775],[35.23906,32.83712],[35.23639,32.83173],[35.22617,32.83432],[35.22139,32.83229],[35.21592,32.83432],[35.20319,32.82759],[35.18361,32.83687],[35.18248,32.83343],[35.18111,32.83413],[35.17797,32.83194],[35.1749,32.83313],[35.17369,32.83125],[35.17157,32.83138],[35.17179,32.82972],[35.16799,32.83054],[35.16816,32.83206],[35.16734,32.83228],[35.16762,32.83075],[35.16481,32.83183],[35.16379,32.82985],[35.16176,32.82917],[35.15924,32.83204],[35.15569,32.82786],[35.15419,32.82374],[35.15195,32.82469],[35.15614,32.83354],[35.15194,32.83504],[35.13292,32.85531],[35.11993,32.85236],[35.11872,32.85989],[35.12178,32.85991],[35.12166,32.8635],[35.11981,32.86361],[35.12094,32.87268],[35.11778,32.88813],[35.12066,32.8884],[35.11884,32.89274],[35.11935,32.89437],[35.13584,32.89244],[35.14826,32.89745],[35.15198,32.89736],[35.1559,32.89616],[35.16079,32.89161],[35.16848,32.89081],[35.17176,32.8929],[35.17546,32.89309],[35.17877,32.89544],[35.18681,32.89607],[35.19055,32.89524],[35.19517,32.89671],[35.20011,32.89638],[35.20605,32.89916]]]}},
{"type":"Feature","properties":{"TahanaName":"תחנת יבנה","TahanaShortName":"יבנה","MerhavName":"שפלה","MahozName":"מרכז"},"geometry":{"type":"MultiPolygon","coordinates":[[[[34.86991,31.85177],[34.86079,31.83866],[34.86025,31.83863],[34.86991,31.85177]]],[[[34.87763,31.87954],[34.87016,31.85141],[34.87462,31.87091],[34.87763,31.87954]]],[[[34.77911,31.95415],[34.78252,31.95326],[34.78393,31.9512],[34.77893,31.93651],[34.78034,31.93684],[34.7798,31.9334],[34.78098,31.93268],[34.77848,31.92667],[34.78046,31.92362],[34.77887,31.92314],[34.77859,31.92136],[34.77097,31.92081],[34.77117,31.91431],[34.76609,31.90737],[34.76394,31.90199],[34.77016,31.89373],[34.76824,31.89396],[34.76751,31.89242],[34.76899,31.89268],[34.77902,31.88676],[34.77643,31.88154],[34.78433,31.87852],[34.78874,31.87547],[34.789,31.87583],[34.7902,31.87601],[34.79458,31.87616],[34.79487,31.88051],[34.79672,31.88213],[34.79979,31.88059],[34.80261,31.8818],[34.79833,31.8735],[34.78888,31.87547],[34.80582,31.87124],[34.81264,31.86735],[34.81398,31.86598],[34.80747,31.85977],[34.81584,31.85868],[34.81916,31.85609],[34.81787,31.85405],[34.82153,31.85335],[34.82591,31.85064],[34.84257,31.8274],[34.84265,31.82559],[34.84883,31.82601],[34.84889,31.8251],[34.86016,31.8385],[34.86512,31.83865],[34.87463,31.83118],[34.88434,31.82653],[34.89272,31.82043],[34.89527,31.82008],[34.89596,31.81623],[34.90106,31.81103],[34.88615,31.81068],[34.8729,31.80889],[34.86076,31.80994],[34.85283,31.80875],[34.8421,31.80476],[34.83595,31.79882],[34.83851,31.79347],[34.83486,31.78365],[34.82802,31.78393],[34.82022,31.78825],[34.81455,31.77967],[34.80881,31.77442],[34.79248,31.76215],[34.7869,31.75995],[34.78432,31.7605],[34.78424,31.76318],[34.77799,31.77583],[34.77534,31.78854],[34.7645,31.79708],[34.76057,31.80565],[34.76138,31.80671],[34.74192,31.81313],[34.73141,31.82141],[34.72741,31.82301],[34.72239,31.82363],[34.70988,31.82224],[34.70294,31.82623],[34.70332,31.82878],[34.70989,31.83761],[34.71086,31.85539],[34.6856,31.86925],[34.67077,31.86368],[34.66913,31.86438],[34.66537,31.86343],[34.69103,31.91672],[34.69278,31.92309],[34.69602,31.9251],[34.69952,31.93274],[34.70163,31.93285],[34.70421,31.93536],[34.70793,31.94344],[34.70908,31.94319],[34.70892,31.94081],[34.71119,31.9397],[34.72047,31.94153],[34.72709,31.94016],[34.72764,31.94458],[34.74014,31.94463],[34.74049,31.94301],[34.74577,31.94329],[34.74208,31.93746],[34.74106,31.93288],[34.7416,31.93259],[34.74389,31.93969],[34.75195,31.94801],[34.75279,31.94575],[34.75947,31.9484],[34.77246,31.94932],[34.77911,31.95415]]]]}},
{"type":"Feature","properties":{"TahanaName":"תחנת יפו","TahanaShortName":"יפו","MerhavName":"איילון","MahozName":"ת\"א"},"geometry":{"type":"Polygon","coordinates":[[[34.76039,32.05688],[34.77384,32.06047],[34.77118,32.05067],[34.77315,32.04947],[34.77108,32.04324],[34.77926,32.03854],[34.77922,32.03782],[34.77379,32.03567],[34.76924,32.03638],[34.76896,32.03511],[34.76164,32.03691],[34.75916,32.03435],[34.75929,32.03287],[34.756,32.03342],[34.75521,32.03096],[34.75096,32.03049],[34.74986,32.02914],[34.7425,32.03318],[34.74524,32.03851],[34.74433,32.04154],[34.74563,32.04396],[34.74418,32.04499],[34.74793,32.0499],[34.74826,32.05244],[34.75,32.05566],[34.74844,32.05231],[34.7484,32.05129],[34.74991,32.05434],[34.75555,32.05622],[34.75821,32.05923],[34.76041,32.05951],[34.75995,32.05713],[34.76039,32.05688]]]}},
{"type":"Feature","properties":{"TahanaName":"תחנת ירדן","TahanaShortName":"ירדן","MerhavName":"כנרת","MahozName":"צפון"},"geometry":{"type":"Polygon","coordinates":[[[35.57356,33.09651],[35.57473,33.08258],[35.57697,33.0832],[35.58162,33.08168],[35.5843,33.07939],[35.58638,33.07965],[35.58836,33.07389],[35.59191,33.07482],[35.59071,33.08254],[35.59668,33.0858],[35.6209,33.07148],[35.62194,33.0678],[35.63384,33.07024],[35.63952,33.0694],[35.64081,33.06322],[35.64383,33.06225],[35.64394,33.05901],[35.6426,33.05789],[35.64331,33.05381],[35.64143,33.05152],[35.63884,33.0524],[35.63773,33.0512],[35.63986,33.05035],[35.6365,33.04615],[35.63711,33.0436],[35.6352,33.04352],[35.63843,33.04034],[35.63466,33.03409],[35.63133,33.03277],[35.63054,33.02738],[35.62824,33.02354],[35.62925,33.00605],[35.62854,33.00213],[35.62648,33.0009],[35.62705,32.9982],[35.62528,32.99326],[35.62643,32.98477],[35.62541,32.98287],[35.62679,32.98135],[35.62553,32.97969],[35.62767,32.97654],[35.62533,32.97217],[35.62599,32.96974],[35.62395,32.96335],[35.6255,32.9622],[35.62478,32.9562],[35.62673,32.94788],[35.62452,32.9434],[35.62567,32.93475],[35.6222,32.93117],[35.62123,32.92768],[35.62297,32.91582],[35.62007,32.91127],[35.62236,32.90734],[35.62095,32.90556],[35.61595,32.90546],[35.61589,32.90291],[35.61137,32.90096],[35.60808,32.89757],[35.60621,32.90836],[35.6047,32.90967],[35.60716,32.91617],[35.60561,32.91794],[35.60606,32.92],[35.60502,32.91986],[35.60389,32.91796],[35.60071,32.91694],[35.59986,32.91504],[35.59574,32.91323],[35.59808,32.91133],[35.59671,32.89933],[35.5981,32.8939],[35.5911,32.89338],[35.58778,32.88975],[35.57021,32.88187],[35.55728,32.87407],[35.55143,32.87312],[35.54828,32.87483],[35.54567,32.87428],[35.54599,32.8766],[35.54244,32.87481],[35.53984,32.8715],[35.53321,32.87048],[35.53243,32.87498],[35.52322,32.88354],[35.51786,32.88403],[35.51553,32.88741],[35.51367,32.88656],[35.51266,32.8838],[35.50878,32.88324],[35.50746,32.8839],[35.50765,32.886],[35.5054,32.88535],[35.49859,32.8872],[35.49479,32.88682],[35.49006,32.88851],[35.48402,32.88744],[35.47984,32.88896],[35.47939,32.89765],[35.47453,32.90327],[35.47376,32.90705],[35.47524,32.91025],[35.4771,32.91121],[35.48583,32.91167],[35.48407,32.91742],[35.48795,32.91836],[35.48983,32.92148],[35.49544,32.92513],[35.4942,32.9183],[35.5002,32.91484],[35.5044,32.91675],[35.5078,32.91557],[35.51032,32.91825],[35.5053,32.92174],[35.50435,32.92697],[35.51309,32.93464],[35.51791,32.93536],[35.5187,32.93828],[35.52337,32.94288],[35.52588,32.94036],[35.5295,32.93921],[35.53251,32.93988],[35.53422,32.94199],[35.53398,32.94496],[35.5322,32.94579],[35.53542,32.95621],[35.5346,32.95908],[35.53648,32.96305],[35.53274,32.96451],[35.53428,32.96909],[35.53245,32.96915],[35.53113,32.9714],[35.5262,32.97166],[35.52019,32.974],[35.53068,32.97302],[35.52863,32.97852],[35.5209,32.98163],[35.51746,32.98461],[35.52363,32.98382],[35.52197,32.98783],[35.52378,32.98926],[35.52418,32.99494],[35.52813,32.99473],[35.52786,32.99778],[35.52465,33.00132],[35.52329,33.00102],[35.52306,32.99708],[35.52251,32.99691],[35.52221,32.99997],[35.52159,32.99889],[35.51995,32.99999],[35.51885,33.00563],[35.52146,33.00579],[35.5207,33.01117],[35.52638,33.01504],[35.53589,33.01787],[35.52972,33.02275],[35.52342,33.02437],[35.52153,33.02693],[35.52215,33.02971],[35.53227,33.03478],[35.53514,33.03557],[35.54135,33.03477],[35.54691,33.03706],[35.54819,33.03909],[35.54422,33.04111],[35.54189,33.04412],[35.54062,33.04882],[35.54234,33.05189],[35.53621,33.05423],[35.53317,33.05876],[35.52845,33.06059],[35.51847,33.07217],[35.52005,33.07351],[35.53196,33.07287],[35.53642,33.07782],[35.55072,33.08726],[35.55056,33.09229],[35.55883,33.09696],[35.56216,33.10139],[35.56913,33.10174],[35.57356,33.09651]]]}},
{"type":"Feature","properties":{"TahanaName":"תחנת כפר כנא","TahanaShortName":"כפר-כנא","MerhavName":"עמקים","MahozName":"צפון"},"geometry":{"type":"Polygon","coordinates":[[[35.38112,32.83289],[35.38628,32.82627],[35.38472,32.82515],[35.38305,32.82767],[35.37976,32.82792],[35.38051,32.82545],[35.35554,32.82095],[35.35699,32.81672],[35.35361,32.81516],[35.35647,32.80906],[35.35236,32.80752],[35.35299,32.80599],[35.35142,32.80516],[35.35229,32.80345],[35.35062,32.80309],[35.35264,32.79905],[35.35665,32.79982],[35.36036,32.79665],[35.36373,32.79847],[35.36803,32.79901],[35.37652,32.79686],[35.37977,32.79367],[35.381,32.78896],[35.38411,32.78789],[35.38808,32.7906],[35.38545,32.79586],[35.3881,32.7954],[35.38843,32.79851],[35.38985,32.79698],[35.39466,32.79698],[35.3956,32.8],[35.39465,32.80171],[35.39559,32.80188],[35.39717,32.79729],[35.40134,32.79569],[35.39878,32.7858],[35.40523,32.79006],[35.40649,32.77609],[35.40354,32.77605],[35.39178,32.77155],[35.39203,32.76804],[35.39865,32.76675],[35.39902,32.76373],[35.39402,32.76286],[35.39349,32.76438],[35.38934,32.76455],[35.38492,32.76342],[35.38613,32.75713],[35.38772,32.75559],[35.38627,32.75503],[35.38604,32.75298],[35.38276,32.75131],[35.38247,32.74839],[35.38013,32.74508],[35.38309,32.74171],[35.38278,32.7386],[35.38038,32.73822],[35.37956,32.73694],[35.37819,32.73761],[35.37652,32.73475],[35.37401,32.73523],[35.37421,32.73384],[35.3718,32.73424],[35.36975,32.73305],[35.35914,32.73484],[35.35723,32.73336],[35.35091,32.73246],[35.35057,32.73083],[35.34604,32.73217],[35.34515,32.72914],[35.34341,32.72997],[35.33879,32.72955],[35.33591,32.73159],[35.32908,32.73283],[35.32775,32.73193],[35.32829,32.72915],[35.32451,32.72699],[35.32207,32.73008],[35.31214,32.73411],[35.29696,32.7314],[35.28605,32.72807],[35.28154,32.72792],[35.26107,32.73633],[35.25836,32.74406],[35.25087,32.74742],[35.24175,32.75458],[35.23399,32.7576],[35.23328,32.75912],[35.2444,32.76474],[35.2449,32.76703],[35.2503,32.76784],[35.25737,32.77166],[35.26618,32.7725],[35.27659,32.77825],[35.28383,32.7884],[35.31014,32.80875],[35.31735,32.81768],[35.32279,32.8177],[35.32668,32.82057],[35.33147,32.82151],[35.33942,32.8197],[35.34481,32.82424],[35.3537,32.82698],[35.35638,32.8294],[35.36341,32.83068],[35.37002,32.83486],[35.37407,32.83514],[35.38112,32.83289]]]}},
{"type":"Feature","properties":{"TahanaName":"תחנת כפר סבא","TahanaShortName":"כפר-סבא","MerhavName":"שרון","MahozName":"מרכז"},"geometry":{"type":"MultiPolygon","coordinates":[[[[34.93321,32.22697],[34.93237,32.22698],[34.93364,32.22699],[34.93321,32.22697]]],[[[34.89155,32.22695],[34.89833,32.22451],[34.89803,32.22321],[34.90405,32.22141],[34.90403,32.22039],[34.91026,32.21992],[34.90952,32.21672],[34.91402,32.21176],[34.92268,32.21189],[34.92581,32.20926],[34.92924,32.21281],[34.93265,32.21101],[34.9336,32.21338],[34.94731,32.20965],[34.96192,32.20778],[34.95736,32.20004],[34.95599,32.19517],[34.95875,32.17472],[34.95323,32.16294],[34.94807,32.15835],[34.94736,32.15442],[34.93845,32.15396],[34.93597,32.15193],[34.93291,32.13345],[34.93424,32.11786],[34.932,32.11702],[34.924,32.11698],[34.90391,32.12238],[34.89383,32.12272],[34.88102,32.11996],[34.87873,32.11786],[34.87677,32.11784],[34.86539,32.12207],[34.86628,32.12377],[34.86967,32.12165],[34.86866,32.12458],[34.87176,32.1266],[34.87449,32.12256],[34.87379,32.12165],[34.87495,32.1203],[34.87438,32.12157],[34.87676,32.12257],[34.87587,32.12444],[34.87743,32.12368],[34.87902,32.1252],[34.87586,32.13325],[34.87132,32.13308],[34.87064,32.1314],[34.87089,32.13645],[34.86562,32.15004],[34.86377,32.16312],[34.86264,32.16324],[34.86439,32.17095],[34.85688,32.17265],[34.85686,32.17739],[34.84844,32.18054],[34.8359,32.19111],[34.83274,32.19185],[34.82997,32.18922],[34.82878,32.18944],[34.8295,32.19597],[34.83637,32.21116],[34.83991,32.21093],[34.8443,32.20423],[34.84688,32.20315],[34.84703,32.19899],[34.85322,32.19967],[34.85922,32.20223],[34.85668,32.20523],[34.85704,32.20821],[34.86584,32.20857],[34.86708,32.2073],[34.87131,32.20759],[34.87225,32.19896],[34.88074,32.19944],[34.87992,32.20699],[34.88421,32.20722],[34.88562,32.20942],[34.88915,32.20936],[34.88945,32.21592],[34.88362,32.21852],[34.88323,32.22738],[34.88465,32.22751],[34.88451,32.22628],[34.89155,32.22695]]]]}},
{"type":"Feature","properties":{"TahanaName":"תחנת כפר קאסם","TahanaShortName":"כפר קאסם","MerhavName":"שרון","MahozName":"מרכז"},"geometry":{"type":"Polygon","coordinates":[[[34.96438,32.17325],[34.96409,32.16911],[34.96719,32.16892],[34.97031,32.16703],[34.97019,32.16518],[34.97438,32.16244],[34.9772,32.15857],[34.97338,32.15137],[34.98433,32.1486],[34.98574,32.15032],[34.98743,32.14999],[34.98739,32.14748],[34.98985,32.1436],[34.98882,32.13991],[34.9867,32.13939],[34.98866,32.13381],[34.98518,32.13145],[34.98433,32.12815],[34.98551,32.1233],[34.98883,32.11933],[34.99407,32.11989],[34.99309,32.11534],[34.99655,32.11217],[34.998,32.10806],[34.98682,32.10178],[34.97049,32.1026],[34.95476,32.11162],[34.9455,32.11447],[34.94071,32.11478],[34.93757,32.11234],[34.93675,32.10972],[34.93137,32.1108],[34.93248,32.11719],[34.93424,32.11786],[34.93291,32.13345],[34.93597,32.15193],[34.93845,32.15396],[34.94736,32.15442],[34.94813,32.15846],[34.95323,32.16294],[34.95795,32.17307],[34.96438,32.17325]]]}},
{"type":"Feature","properties":{"TahanaName":"תחנת כרמיאל","TahanaShortName":"כרמיאל","MerhavName":"גליל","MahozName":"צפון"},"geometry":{"type":"Polygon","coordinates":[[[35.37007,32.98492],[35.37646,32.98302],[35.38195,32.98666],[35.38599,32.98769],[35.40476,32.984],[35.40927,32.98597],[35.41451,32.98601],[35.41545,32.9841],[35.41419,32.97829],[35.41854,32.97759],[35.42082,32.97404],[35.42592,32.97114],[35.42589,32.96938],[35.42372,32.96748],[35.4265,32.96347],[35.42614,32.95885],[35.42404,32.95665],[35.42306,32.94987],[35.42132,32.94847],[35.42192,32.94671],[35.42521,32.94521],[35.4243,32.94132],[35.42215,32.93822],[35.41928,32.93759],[35.42085,32.93656],[35.41534,32.93412],[35.41156,32.92855],[35.4062,32.92766],[35.41889,32.92168],[35.43418,32.91773],[35.44077,32.91989],[35.44087,32.92256],[35.44313,32.92426],[35.45001,32.92041],[35.45502,32.92157],[35.46101,32.92083],[35.47224,32.91426],[35.48071,32.91167],[35.4769,32.91113],[35.46917,32.90685],[35.45848,32.90455],[35.44882,32.90591],[35.44057,32.90941],[35.43375,32.9095],[35.43085,32.90763],[35.43127,32.90578],[35.43002,32.90469],[35.4261,32.90756],[35.42205,32.90539],[35.41655,32.90496],[35.41352,32.90274],[35.41553,32.8993],[35.41124,32.90036],[35.40991,32.89956],[35.41129,32.89783],[35.40863,32.89752],[35.4091,32.8967],[35.40732,32.89599],[35.40449,32.89598],[35.40422,32.89682],[35.40132,32.89587],[35.40007,32.8965],[35.39933,32.89547],[35.39358,32.89854],[35.39081,32.89742],[35.38817,32.89943],[35.38738,32.89879],[35.38931,32.89491],[35.39104,32.89396],[35.38853,32.89134],[35.38364,32.89252],[35.37939,32.89209],[35.37956,32.89399],[35.37432,32.89453],[35.37151,32.89787],[35.3725,32.89821],[35.37275,32.90356],[35.36897,32.8986],[35.36167,32.89945],[35.35914,32.89844],[35.35366,32.90059],[35.34412,32.901],[35.33911,32.90065],[35.33804,32.89808],[35.33541,32.89772],[35.32729,32.89873],[35.32277,32.90089],[35.32217,32.90007],[35.31565,32.90353],[35.31522,32.90628],[35.31378,32.90668],[35.31338,32.90567],[35.30994,32.90857],[35.31,32.91229],[35.30505,32.90719],[35.30341,32.90095],[35.29875,32.90026],[35.30133,32.89495],[35.29989,32.89358],[35.29625,32.89338],[35.2936,32.89662],[35.28868,32.89443],[35.28531,32.8954],[35.28421,32.89331],[35.28232,32.89285],[35.27955,32.89517],[35.27537,32.89369],[35.27003,32.89672],[35.26663,32.89521],[35.26508,32.89179],[35.26192,32.88905],[35.25832,32.88762],[35.25657,32.88769],[35.25674,32.88864],[35.26199,32.89108],[35.26317,32.89394],[35.26203,32.89534],[35.26398,32.89661],[35.25981,32.89666],[35.25602,32.8945],[35.25266,32.89626],[35.24657,32.89653],[35.24545,32.89544],[35.23897,32.89589],[35.2303,32.89427],[35.22452,32.8967],[35.20772,32.89885],[35.2134,32.90276],[35.21248,32.90846],[35.21504,32.91052],[35.20732,32.91119],[35.19984,32.91371],[35.2109,32.91145],[35.21747,32.91135],[35.2261,32.91462],[35.23955,32.91678],[35.24782,32.91623],[35.24719,32.91316],[35.25472,32.91276],[35.2548,32.91572],[35.25982,32.91603],[35.28801,32.92492],[35.29546,32.92551],[35.30607,32.92408],[35.31333,32.92723],[35.3285,32.9305],[35.33508,32.93017],[35.33519,32.93139],[35.33381,32.93186],[35.33378,32.93653],[35.33046,32.93718],[35.33186,32.93751],[35.33103,32.94208],[35.32932,32.94242],[35.32956,32.94193],[35.32892,32.94142],[35.3293,32.94738],[35.32411,32.95182],[35.32177,32.95247],[35.32574,32.95619],[35.32536,32.95896],[35.32966,32.9594],[35.32976,32.95524],[35.33772,32.95641],[35.34828,32.9551],[35.34527,32.95793],[35.34588,32.96656],[35.34968,32.9693],[35.35547,32.97106],[35.35554,32.9745],[35.35722,32.97458],[35.35971,32.98054],[35.36189,32.98172],[35.36129,32.98268],[35.36264,32.98204],[35.36622,32.98796],[35.36725,32.98826],[35.37007,32.98492]]]}},
{"type":"Feature","properties":{"TahanaName":"תחנת לב הבירה","TahanaShortName":"לב הבירה","MerhavName":"ציון","MahozName":"ירושלים"},"geometry":{"type":"Polygon","coordinates":[[[35.16024,31.87247],[35.17145,31.86635],[35.17868,31.87146],[35.1919,31.86612],[35.2071,31.85903],[35.21001,31.8563],[35.21072,31.85455],[35.21162,31.84165],[35.21146,31.83235],[35.21476,31.82512],[35.21257,31.81814],[35.21627,31.81842],[35.22342,31.80945],[35.23009,31.80613],[35.23396,31.80612],[35.23582,31.80779],[35.23288,31.79944],[35.22673,31.79334],[35.22841,31.78108],[35.22504,31.77885],[35.22735,31.77676],[35.22685,31.77151],[35.22567,31.77091],[35.22618,31.76725],[35.22491,31.76738],[35.22269,31.77176],[35.21777,31.77541],[35.21059,31.7744],[35.20884,31.77632],[35.20592,31.77441],[35.20709,31.77748],[35.20488,31.78189],[35.1984,31.78583],[35.19937,31.78907],[35.19223,31.79471],[35.18785,31.79558],[35.18374,31.79352],[35.17864,31.79376],[35.1794,31.79436],[35.17757,31.79512],[35.17202,31.79613],[35.17229,31.79831],[35.17463,31.80046],[35.18007,31.80036],[35.18284,31.8016],[35.18889,31.79578],[35.18767,31.79847],[35.18377,31.80182],[35.17493,31.80088],[35.16906,31.79638],[35.17324,31.80496],[35.17817,31.80316],[35.1828,31.8056],[35.18193,31.8078],[35.18579,31.805],[35.18733,31.80549],[35.1884,31.80842],[35.1875,31.81263],[35.18223,31.82023],[35.18298,31.8244],[35.18457,31.82587],[35.17812,31.82647],[35.17122,31.82959],[35.16961,31.83142],[35.15886,31.83141],[35.15858,31.83396],[35.16205,31.83712],[35.15822,31.84323],[35.15233,31.84932],[35.14952,31.85545],[35.15048,31.85695],[35.14825,31.85716],[35.14755,31.85885],[35.146,31.85862],[35.14749,31.86176],[35.14478,31.86169],[35.14574,31.8637],[35.14352,31.86225],[35.13801,31.86204],[35.13195,31.86465],[35.13515,31.86808],[35.1308,31.86787],[35.1333,31.87166],[35.13891,31.86967],[35.15223,31.86954],[35.16024,31.87247]],[[35.18483,31.86392],[35.18455,31.86177],[35.18074,31.8586],[35.17585,31.85824],[35.1752,31.85374],[35.17209,31.85304],[35.17193,31.85128],[35.17417,31.84954],[35.17344,31.8466],[35.17535,31.84244],[35.17792,31.84188],[35.18173,31.83779],[35.19212,31.84028],[35.19302,31.83745],[35.19599,31.83764],[35.19714,31.83629],[35.19969,31.82794],[35.1994,31.82464],[35.20702,31.82036],[35.21057,31.81979],[35.21225,31.82892],[35.2111,31.83252],[35.20995,31.85559],[35.20415,31.85983],[35.19356,31.86495],[35.18194,31.86898],[35.18196,31.86682],[35.18483,31.86392]]]}},
{"type":"Feature","properties":{"TahanaName":"תחנת לב תל אביב","TahanaShortName":"לב תל אביב","MerhavName":"ירקון","MahozName":"ת\"א"},"geometry":{"type":"Polygon","coordinates":[[[34.77002,32.0937],[34.77475,32.09228],[34.78318,32.09193],[34.78313,32.09085],[34.79805,32.09095],[34.80145,32.08969],[34.7937,32.07251],[34.79065,32.07312],[34.78907,32.07016],[34.7784,32.06261],[34.77718,32.06039],[34.77087,32.06057],[34.7601,32.05689],[34.76041,32.05951],[34.75821,32.05923],[34.76114,32.06677],[34.76076,32.06947],[34.76152,32.06856],[34.76281,32.06948],[34.7653,32.07656],[34.76464,32.07751],[34.76823,32.0846],[34.76629,32.08575],[34.76656,32.08797],[34.76654,32.08576],[34.76752,32.08511],[34.76692,32.08607],[34.76823,32.08703],[34.76708,32.08731],[34.76907,32.08711],[34.76967,32.08903],[34.76909,32.09027],[34.76768,32.08995],[34.76839,32.09163],[34.76828,32.09053],[34.77036,32.09126],[34.77043,32.09305],[34.76897,32.0933],[34.77002,32.0937]]]}},
{"type":"Feature","properties":{"TahanaName":"תחנת לוד","TahanaShortName":"לוד","MerhavName":"שפלה","MahozName":"מרכז"},"geometry":{"type":"Polygon","coordinates":[[[34.90509,31.97955],[34.9076,31.97592],[34.92024,31.96784],[34.93709,31.96276],[34.94421,31.96329],[34.94217,31.96242],[34.94199,31.95708],[34.93905,31.95436],[34.9392,31.95043],[34.93489,31.9427],[34.93572,31.9371],[34.94349,31.93369],[34.9441,31.92925],[34.94732,31.92739],[34.94871,31.92783],[34.94772,31.92544],[34.94394,31.92744],[34.945,31.92502],[34.94367,31.92316],[34.93882,31.92293],[34.93825,31.92177],[34.93358,31.92222],[34.93014,31.92494],[34.92793,31.9247],[34.92675,31.9277],[34.92476,31.92339],[34.92135,31.92029],[34.90755,31.91621],[34.90928,31.91778],[34.91103,31.92389],[34.89612,31.92747],[34.89462,31.92845],[34.89648,31.93154],[34.88779,31.93407],[34.88609,31.93809],[34.88445,31.93724],[34.87214,31.94232],[34.87043,31.93967],[34.86945,31.93984],[34.87008,31.94121],[34.86579,31.94199],[34.86491,31.94315],[34.8651,31.94517],[34.86812,31.94478],[34.87126,31.95732],[34.86875,31.95781],[34.8691,31.96058],[34.8669,31.96209],[34.8688,31.96263],[34.86748,31.96438],[34.8695,31.965],[34.86759,31.96594],[34.86313,31.96465],[34.86127,31.96745],[34.86968,31.97263],[34.87259,31.97317],[34.85959,31.98641],[34.87111,31.99488],[34.87698,31.99597],[34.88121,31.99431],[34.88847,31.9866],[34.89464,31.98433],[34.90218,31.97964],[34.90509,31.97955]]]}},
{"type":"Feature","properties":{"TahanaName":"תחנת מג'ד אל-כרום","TahanaShortName":"מג'ד אל-כרום","MerhavName":"גליל","MahozName":"צפון"},"geometry":{"type":"Polygon","coordinates":[[[35.31238,32.95457],[35.3136,32.95316],[35.31842,32.95252],[35.31958,32.95349],[35.32404,32.95186],[35.32903,32.94779],[35.32987,32.94592],[35.32852,32.94402],[35.32892,32.94142],[35.32932,32.94242],[35.33103,32.94208],[35.33186,32.93751],[35.33046,32.93718],[35.33378,32.93653],[35.33381,32.93186],[35.33519,32.93139],[35.33508,32.93017],[35.3285,32.9305],[35.31333,32.92723],[35.30607,32.92408],[35.29546,32.92551],[35.28801,32.92492],[35.25982,32.91603],[35.2548,32.91572],[35.25472,32.91276],[35.24725,32.91314],[35.24782,32.91623],[35.24654,32.91633],[35.23831,32.91675],[35.22664,32.91474],[35.22722,32.918],[35.22937,32.91894],[35.22845,32.92245],[35.22574,32.92333],[35.22223,32.92276],[35.21797,32.92463],[35.21466,32.92664],[35.21449,32.92802],[35.21034,32.92942],[35.20895,32.93189],[35.20955,32.93417],[35.21272,32.93682],[35.21676,32.93587],[35.21917,32.93757],[35.22973,32.93874],[35.23333,32.94251],[35.2322,32.94516],[35.23518,32.9468],[35.2346,32.94767],[35.24004,32.94911],[35.2389,32.95089],[35.24109,32.95141],[35.25111,32.95117],[35.26089,32.94825],[35.26173,32.94972],[35.25999,32.95121],[35.26127,32.95148],[35.26723,32.94964],[35.2704,32.9468],[35.27618,32.94713],[35.28499,32.95028],[35.29302,32.94961],[35.29842,32.95063],[35.30404,32.94969],[35.30311,32.95162],[35.3039,32.95354],[35.31079,32.95362],[35.31238,32.95457]]]}},
{"type":"Feature","properties":{"TahanaName":"תחנת מגדל העמק","TahanaShortName":"מגדל-העמק","MerhavName":"עמקים","MahozName":"צפון"},"geometry":{"type":"Polygon","coordinates":[[[35.19863,32.76837],[35.20227,32.76646],[35.20048,32.76482],[35.20284,32.76149],[35.20217,32.7593],[35.20369,32.75267],[35.20914,32.75188],[35.21145,32.75043],[35.20982,32.74976],[35.21775,32.74815],[35.21732,32.74615],[35.22557,32.74469],[35.23128,32.73913],[35.23273,32.73904],[35.23211,32.73797],[35.23557,32.73355],[35.23909,32.73326],[35.23963,32.73123],[35.23828,32.7286],[35.2403,32.72788],[35.23979,32.72634],[35.2432,32.72682],[35.24135,32.72576],[35.25049,32.72292],[35.24952,32.71929],[35.25102,32.71827],[35.24953,32.71812],[35.25104,32.71737],[35.2484,32.71658],[35.24551,32.71791],[35.23869,32.71719],[35.2383,32.71637],[35.24124,32.71388],[35.24769,32.70883],[35.25548,32.70743],[35.25517,32.7051],[35.2618,32.70503],[35.26514,32.70369],[35.2758,32.70653],[35.277,32.70536],[35.2733,32.69606],[35.26937,32.69657],[35.26784,32.69888],[35.26359,32.69728],[35.26303,32.69195],[35.2599,32.69196],[35.25844,32.69064],[35.25731,32.68254],[35.25955,32.67914],[35.26453,32.67927],[35.26534,32.67493],[35.26409,32.6745],[35.26424,32.6697],[35.26767,32.66917],[35.2688,32.67071],[35.26908,32.66759],[35.27231,32.66747],[35.27439,32.65953],[35.25754,32.66111],[35.25865,32.64159],[35.25167,32.64092],[35.25234,32.63592],[35.24333,32.63333],[35.23689,32.62114],[35.23415,32.6207],[35.2369,32.61883],[35.23337,32.60889],[35.22267,32.60351],[35.21389,32.59691],[35.19183,32.57792],[35.19188,32.57377],[35.18633,32.57282],[35.18357,32.5743],[35.182,32.57335],[35.17961,32.57442],[35.17754,32.57163],[35.17653,32.57257],[35.16527,32.56957],[35.16176,32.56741],[35.15717,32.56699],[35.15431,32.56463],[35.15052,32.56443],[35.14947,32.56583],[35.1486,32.56331],[35.14245,32.56142],[35.13972,32.55621],[35.13567,32.55409],[35.1325,32.54917],[35.13138,32.55097],[35.12726,32.55292],[35.11785,32.55435],[35.1117,32.55161],[35.11191,32.5492],[35.10965,32.54697],[35.109,32.54364],[35.0983,32.54697],[35.09343,32.54381],[35.08977,32.54334],[35.08671,32.54381],[35.08692,32.54464],[35.07257,32.54381],[35.06854,32.5451],[35.06099,32.54096],[35.05983,32.54407],[35.05214,32.55372],[35.04456,32.55465],[35.03983,32.55733],[35.0434,32.5833],[35.03607,32.5847],[35.03862,32.58872],[35.03726,32.59042],[35.03944,32.5927],[35.039,32.59494],[35.04146,32.60178],[35.04514,32.60718],[35.0447,32.60861],[35.04217,32.60947],[35.04224,32.61077],[35.04802,32.61177],[35.05114,32.61641],[35.0562,32.62063],[35.06208,32.62818],[35.06394,32.63661],[35.06632,32.63907],[35.07275,32.64265],[35.07869,32.64388],[35.08083,32.64624],[35.08077,32.64833],[35.08341,32.64945],[35.08238,32.64978],[35.09482,32.65529],[35.09439,32.65682],[35.09733,32.66021],[35.10158,32.66012],[35.102,32.65884],[35.10312,32.65982],[35.10446,32.662],[35.10221,32.66826],[35.10377,32.66866],[35.10344,32.67253],[35.10754,32.67344],[35.10785,32.67473],[35.10913,32.67324],[35.12156,32.6826],[35.13423,32.69997],[35.13621,32.70942],[35.1354,32.71324],[35.1363,32.71558],[35.13873,32.71577],[35.13776,32.71829],[35.13907,32.72106],[35.15132,32.7256],[35.1568,32.7213],[35.15974,32.72175],[35.16293,32.72465],[35.16195,32.72949],[35.1707,32.7339],[35.17729,32.73382],[35.17398,32.73987],[35.17371,32.74522],[35.17269,32.74589],[35.16876,32.74343],[35.16283,32.74501],[35.16234,32.74913],[35.16032,32.74989],[35.16107,32.75152],[35.16416,32.75011],[35.16976,32.75312],[35.17305,32.75319],[35.17256,32.75831],[35.16966,32.75911],[35.1715,32.76038],[35.17552,32.75812],[35.17657,32.75494],[35.18203,32.75716],[35.17945,32.7593],[35.1817,32.75939],[35.18158,32.76068],[35.18422,32.76038],[35.18568,32.76181],[35.18918,32.75763],[35.19069,32.76326],[35.19319,32.76576],[35.19548,32.76542],[35.19863,32.76837]]]}},
{"type":"Feature","properties":{"TahanaName":"תחנת מודיעין","TahanaShortName":"מודיעין","MerhavName":"שפלה","MahozName":"מרכז"},"geometry":{"type":"Polygon","coordinates":[[[34.96931,31.98909],[34.97169,31.98781],[34.97123,31.98504],[34.97522,31.98075],[34.97932,31.98241],[34.98249,31.97921],[34.98963,31.97946],[34.9926,31.98221],[34.99602,31.97973],[34.99488,31.97388],[34.993,31.97235],[34.98618,31.97068],[34.98613,31.9667],[34.98989,31.96368],[34.98792,31.95987],[34.99284,31.96025],[34.99365,31.95886],[34.99215,31.9565],[34.99584,31.95527],[35.00489,31.94791],[35.00366,31.94473],[34.99802,31.94199],[34.99676,31.93944],[35.00022,31.93218],[35.00186,31.93039],[35.00472,31.92989],[35.0064,31.9259],[35.00816,31.92545],[35.00963,31.92713],[35.01224,31.92498],[35.01459,31.92622],[35.02154,31.92437],[35.03143,31.92459],[35.0362,31.91563],[35.03853,31.91514],[35.04106,31.918],[35.0433,31.9157],[35.04223,31.91929],[35.04353,31.91965],[35.0427,31.92105],[35.0448,31.92148],[35.048,31.91478],[35.04729,31.90995],[35.04472,31.90897],[35.04051,31.90457],[35.04091,31.89879],[35.04269,31.8978],[35.03896,31.89712],[35.03968,31.88626],[35.03749,31.87688],[35.03619,31.86103],[35.03444,31.86123],[35.03362,31.85496],[35.01661,31.8557],[34.99599,31.85284],[34.99187,31.84623],[34.99218,31.8424],[34.98834,31.84449],[34.9861,31.84252],[34.98135,31.8585],[34.97861,31.86263],[34.95715,31.87496],[34.94648,31.88629],[34.92793,31.9247],[34.93014,31.92494],[34.93357,31.92222],[34.9382,31.92176],[34.93882,31.92293],[34.94437,31.92364],[34.94457,31.92775],[34.94823,31.92581],[34.94871,31.92783],[34.94732,31.92739],[34.9441,31.92925],[34.94371,31.93352],[34.93572,31.9371],[34.93493,31.94308],[34.9392,31.95043],[34.93905,31.95436],[34.94199,31.95708],[34.94217,31.96242],[34.95855,31.97036],[34.96116,31.97453],[34.96238,31.983],[34.96446,31.98206],[34.96655,31.98282],[34.96587,31.98718],[34.96653,31.98854],[34.96931,31.98909]]]}},
{"type":"Feature","properties":{"TahanaName":"תחנת מודיעין עילית","TahanaShortName":"מודיעין עילית","MerhavName":"שומרון","MahozName":"ש\"י"},"geometry":{"type":"Polygon","coordinates":[[[35.11986,32.05894],[35.12544,32.05689],[35.1225,32.05154],[35.12324,32.04866],[35.1291,32.04731],[35.1299,32.04426],[35.13571,32.04179],[35.13645,32.03855],[35.13522,32.03616],[35.13795,32.03497],[35.1402,32.03217],[35.14179,32.02638],[35.14587,32.02495],[35.14798,32.02143],[35.1524,32.0208],[35.1571,32.02211],[35.16059,32.01916],[35.1587,32.01755],[35.16282,32.01478],[35.16903,32.01311],[35.17217,32.00798],[35.16622,32.00738],[35.16885,32.00426],[35.17062,31.99872],[35.16973,31.99831],[35.17154,31.99616],[35.16919,31.99005],[35.17374,31.98593],[35.17286,31.9839],[35.17006,31.98234],[35.17211,31.979],[35.17855,31.97483],[35.17661,31.96723],[35.18013,31.96607],[35.17997,31.96214],[35.17809,31.96216],[35.17568,31.95693],[35.17812,31.95453],[35.17603,31.95231],[35.1759,31.94771],[35.17253,31.94559],[35.1712,31.94268],[35.16274,31.93823],[35.15977,31.93281],[35.16308,31.92957],[35.16767,31.92831],[35.16117,31.92547],[35.16152,31.92463],[35.15855,31.9253],[35.15641,31.92399],[35.15856,31.92389],[35.16094,31.92153],[35.15932,31.92129],[35.16015,31.91539],[35.15771,31.91536],[35.16001,31.90874],[35.15626,31.90967],[35.15832,31.90661],[35.15682,31.90219],[35.16336,31.89856],[35.15715,31.89957],[35.15347,31.89655],[35.1597,31.89479],[35.15991,31.89158],[35.16425,31.88976],[35.16564,31.88511],[35.16756,31.88365],[35.16681,31.88076],[35.16886,31.87902],[35.17174,31.88076],[35.17438,31.8799],[35.17725,31.88253],[35.18671,31.88231],[35.18853,31.88337],[35.18899,31.88168],[35.19068,31.88109],[35.19083,31.87806],[35.18531,31.87724],[35.18808,31.86903],[35.19048,31.86743],[35.19412,31.86812],[35.1941,31.86604],[35.20293,31.86079],[35.17833,31.87155],[35.17145,31.86635],[35.16024,31.87247],[35.15223,31.86954],[35.13891,31.86967],[35.1333,31.87166],[35.13081,31.86776],[35.13515,31.86808],[35.13195,31.86465],[35.13801,31.86204],[35.14352,31.86225],[35.14574,31.8637],[35.14478,31.86169],[35.14749,31.86176],[35.146,31.85862],[35.14755,31.85885],[35.14825,31.85716],[35.15048,31.85695],[35.14952,31.85545],[35.15233,31.84932],[35.15822,31.84323],[35.16205,31.83712],[35.15858,31.83396],[35.15886,31.83141],[35.16961,31.83142],[35.17122,31.82959],[35.17812,31.82647],[35.18457,31.82587],[35.18298,31.8244],[35.18223,31.82023],[35.1875,31.81263],[35.1884,31.80842],[35.18631,31.80484],[35.1827,31.80756],[35.17742,31.80791],[35.17365,31.80964],[35.17181,31.81656],[35.16615,31.8283],[35.16481,31.82247],[35.16724,31.81738],[35.16632,31.81724],[35.16426,31.82136],[35.16134,31.8213],[35.16364,31.81813],[35.16196,31.81332],[35.15901,31.81425],[35.15742,31.81292],[35.15263,31.81315],[35.14907,31.81147],[35.14556,31.81233],[35.14301,31.81491],[35.14316,31.81327],[35.14131,31.8144],[35.1393,31.81398],[35.13885,31.81639],[35.13311,31.81806],[35.13343,31.81951],[35.13912,31.81949],[35.13954,31.82081],[35.13784,31.82301],[35.14097,31.82484],[35.13277,31.83218],[35.12965,31.83148],[35.12711,31.83278],[35.12481,31.83245],[35.12382,31.829],[35.12047,31.82882],[35.12063,31.82565],[35.11708,31.82495],[35.116,31.82237],[35.10293,31.82583],[35.09816,31.82872],[35.10085,31.82826],[35.09786,31.83077],[35.10049,31.83315],[35.09817,31.83267],[35.09658,31.833],[35.10059,31.83511],[35.09728,31.83449],[35.08791,31.8433],[35.09005,31.84551],[35.09418,31.84405],[35.09152,31.8478],[35.09657,31.84799],[35.09152,31.85141],[35.08461,31.85298],[35.08619,31.85494],[35.08821,31.85529],[35.08745,31.8557],[35.07875,31.85605],[35.07623,31.85503],[35.0709,31.85798],[35.06328,31.85518],[35.05928,31.85676],[35.05393,31.85323],[35.05143,31.85291],[35.04758,31.84961],[35.04892,31.84845],[35.04678,31.84906],[35.04217,31.84143],[35.03723,31.84139],[35.03811,31.83912],[35.03544,31.83846],[35.03465,31.83274],[35.03262,31.83171],[35.03078,31.82635],[35.02402,31.819],[35.00991,31.82505],[34.9923,31.82757],[34.98934,31.8312],[34.98776,31.83728],[34.98849,31.83941],[34.9861,31.84252],[34.98834,31.84449],[34.99218,31.8424],[34.9919,31.84633],[34.99437,31.85172],[34.99613,31.85288],[35.01661,31.8557],[35.03362,31.85496],[35.03444,31.86123],[35.03619,31.86103],[35.03749,31.87688],[35.03968,31.88626],[35.03896,31.89712],[35.04269,31.8978],[35.04091,31.89879],[35.04051,31.90457],[35.04472,31.90897],[35.04729,31.90995],[35.04801,31.91461],[35.0448,31.92148],[35.0427,31.92105],[35.04353,31.91965],[35.04223,31.91929],[35.0433,31.9157],[35.04106,31.918],[35.03853,31.91514],[35.0362,31.91563],[35.03143,31.92459],[35.02154,31.92437],[35.01459,31.92622],[35.01224,31.92498],[35.00963,31.92713],[35.00816,31.92545],[35.00645,31.92585],[35.00472,31.92989],[35.00186,31.93039],[35.00022,31.93218],[34.99676,31.93944],[34.99802,31.94199],[35.00366,31.94473],[35.00489,31.94791],[34.99584,31.95527],[34.99215,31.9565],[34.99365,31.95886],[34.99284,31.96025],[34.98768,31.96022],[34.98989,31.96368],[34.98636,31.96602],[34.98585,31.97028],[34.99313,31.97241],[34.99502,31.97409],[34.99621,31.97902],[34.99491,31.98175],[34.99851,31.9831],[35.0022,31.98976],[35.0021,31.99371],[35.00579,31.99501],[35.00497,31.99768],[35.00789,32.00106],[35.00963,32.00967],[35.01203,32.01152],[35.00701,32.01606],[35.00571,32.02386],[35.00344,32.02649],[35.00287,32.03343],[35.00769,32.04235],[35.00464,32.04875],[35.00571,32.0521],[34.99949,32.05292],[34.99681,32.05175],[34.99551,32.05213],[34.99937,32.05591],[35.00519,32.05704],[35.00649,32.06195],[35.01179,32.05675],[35.01282,32.06089],[35.01681,32.06151],[35.01875,32.06056],[35.02185,32.05585],[35.02706,32.0573],[35.031,32.05276],[35.0349,32.05245],[35.03927,32.05408],[35.04121,32.05326],[35.04055,32.04994],[35.04202,32.04832],[35.04917,32.04958],[35.05167,32.04492],[35.0568,32.04586],[35.05765,32.04766],[35.05564,32.05051],[35.05757,32.05194],[35.05981,32.04714],[35.06294,32.04687],[35.06585,32.04444],[35.06975,32.04801],[35.07243,32.04386],[35.07499,32.04292],[35.07647,32.04385],[35.07738,32.04881],[35.08147,32.05199],[35.07618,32.05786],[35.07751,32.06039],[35.08293,32.06012],[35.08709,32.0618],[35.09126,32.05714],[35.09422,32.05626],[35.09838,32.05829],[35.10532,32.05876],[35.10953,32.06371],[35.11218,32.0644],[35.1168,32.06206],[35.11986,32.05894]]]}},
{"type":"Feature","properties":{"TahanaName":"תחנת מוריה","TahanaShortName":"מוריה","MerhavName":"ציון","MahozName":"ירושלים"},"geometry":{"type":"MultiPolygon","coordinates":[[[[35.16976,31.70519],[35.16812,31.70555],[35.17055,31.7072],[35.17286,31.71328],[35.17327,31.71306],[35.16976,31.70519]]],[[[35.18374,31.79352],[35.18793,31.79558],[35.19217,31.79474],[35.19914,31.78934],[35.19975,31.78812],[35.19838,31.78586],[35.20483,31.78195],[35.20696,31.77835],[35.20592,31.77441],[35.20884,31.77632],[35.21059,31.7744],[35.21777,31.77541],[35.22269,31.77176],[35.22491,31.76738],[35.22618,31.76725],[35.22518,31.76194],[35.21728,31.74639],[35.20953,31.73427],[35.20559,31.73128],[35.20199,31.72137],[35.19735,31.72129],[35.19566,31.72346],[35.19275,31.72305],[35.19294,31.72436],[35.19102,31.72495],[35.18978,31.72365],[35.18712,31.72411],[35.18069,31.71756],[35.1845,31.72163],[35.17684,31.7243],[35.17506,31.72417],[35.17398,31.72179],[35.17611,31.72051],[35.17584,31.71841],[35.17062,31.71957],[35.16774,31.72232],[35.16456,31.72251],[35.1626,31.72448],[35.16338,31.726],[35.16575,31.72661],[35.16688,31.72552],[35.16825,31.72726],[35.16607,31.73014],[35.16631,31.73664],[35.16409,31.7376],[35.15962,31.7428],[35.15726,31.73903],[35.15509,31.73803],[35.15494,31.7335],[35.14862,31.73466],[35.1468,31.73603],[35.14234,31.73359],[35.14015,31.73039],[35.13841,31.7311],[35.13645,31.73617],[35.13294,31.73587],[35.12741,31.73266],[35.12494,31.73351],[35.12382,31.7361],[35.12661,31.7384],[35.12706,31.74102],[35.12547,31.74371],[35.12171,31.74191],[35.1188,31.73592],[35.11583,31.74187],[35.11513,31.74864],[35.11306,31.7497],[35.11427,31.75069],[35.11303,31.75358],[35.11423,31.75332],[35.11401,31.75562],[35.11701,31.75594],[35.11828,31.7607],[35.12045,31.76306],[35.11786,31.766],[35.11668,31.76991],[35.11892,31.77147],[35.11895,31.7744],[35.12598,31.77623],[35.12739,31.7748],[35.12933,31.77704],[35.13514,31.77803],[35.136,31.77544],[35.13851,31.77428],[35.14049,31.771],[35.14858,31.77463],[35.15337,31.77343],[35.15656,31.77618],[35.15218,31.77625],[35.15148,31.78138],[35.15312,31.78174],[35.15485,31.77957],[35.15646,31.78057],[35.15818,31.77637],[35.16609,31.77863],[35.16594,31.78213],[35.16983,31.78466],[35.16859,31.78516],[35.16879,31.7843],[35.16749,31.78359],[35.16801,31.78438],[35.16397,31.78606],[35.16706,31.79047],[35.16903,31.7899],[35.17272,31.79475],[35.18374,31.79352]]]]}},
{"type":"Feature","properties":{"TahanaName":"תחנת מטה יהודה","TahanaShortName":"מטה יהודה","MerhavName":"ציון","MahozName":"ירושלים"},"geometry":{"type":"Polygon","coordinates":[[[35.13482,31.78678],[35.13753,31.78636],[35.13703,31.78443],[35.13259,31.78149],[35.13164,31.77814],[35.12733,31.77782],[35.12556,31.776],[35.11895,31.7744],[35.11892,31.77147],[35.11668,31.76991],[35.11786,31.766],[35.12045,31.76306],[35.11828,31.7607],[35.11701,31.75594],[35.11401,31.75562],[35.11423,31.75332],[35.11303,31.75358],[35.11427,31.75069],[35.11306,31.7497],[35.11513,31.74864],[35.11583,31.74187],[35.1188,31.73592],[35.12265,31.74282],[35.12516,31.74376],[35.127,31.74242],[35.12671,31.73857],[35.12376,31.73538],[35.12546,31.73305],[35.12727,31.73263],[35.12755,31.72741],[35.13079,31.72164],[35.12693,31.7153],[35.12168,31.71465],[35.12084,31.71565],[35.11745,31.71306],[35.11685,31.71469],[35.11648,31.71376],[35.11198,31.71387],[35.10912,31.71555],[35.10602,31.71473],[35.09925,31.70802],[35.0968,31.70934],[35.09604,31.70849],[35.09734,31.70694],[35.0943,31.70129],[35.0852,31.69527],[35.08512,31.69064],[35.06913,31.68418],[35.05389,31.67464],[35.05516,31.67235],[35.05419,31.67269],[35.0539,31.67146],[35.05538,31.67042],[35.05034,31.66887],[35.05127,31.66429],[35.04976,31.6623],[35.0403,31.66062],[35.03649,31.66407],[35.03132,31.66079],[35.01595,31.65564],[35.01295,31.65575],[35.00703,31.65165],[35.00329,31.64507],[35.00098,31.64791],[34.99956,31.64788],[34.99958,31.64424],[34.99733,31.64183],[34.99394,31.6328],[34.97967,31.62598],[34.97858,31.62332],[34.9795,31.61938],[34.97695,31.61586],[34.97811,31.61269],[34.96651,31.60722],[34.96709,31.60241],[34.96365,31.60188],[34.96083,31.6029],[34.9492,31.61367],[34.93503,31.61483],[34.92398,31.6176],[34.91986,31.61736],[34.90334,31.61137],[34.90855,31.62202],[34.91252,31.62564],[34.91192,31.63005],[34.91017,31.63147],[34.91098,31.63559],[34.89826,31.64427],[34.88776,31.64337],[34.88274,31.6504],[34.87214,31.65392],[34.86777,31.65731],[34.86772,31.65934],[34.86221,31.66164],[34.86458,31.66323],[34.86462,31.66088],[34.8654,31.66178],[34.86701,31.65994],[34.86739,31.66147],[34.86744,31.6601],[34.86953,31.66172],[34.86927,31.6667],[34.86587,31.66823],[34.86613,31.67096],[34.86479,31.67185],[34.86667,31.67424],[34.86805,31.67351],[34.86931,31.67729],[34.8677,31.67732],[34.86827,31.68022],[34.86553,31.68139],[34.86872,31.68153],[34.87289,31.68742],[34.87002,31.69211],[34.86405,31.69414],[34.86549,31.69818],[34.87161,31.70142],[34.86721,31.70373],[34.86917,31.71234],[34.86843,31.71412],[34.86452,31.71476],[34.86517,31.71715],[34.86751,31.719],[34.86769,31.72152],[34.86577,31.7224],[34.86264,31.72774],[34.86465,31.72872],[34.86486,31.73051],[34.86369,31.73235],[34.86167,31.73134],[34.86061,31.73295],[34.86408,31.73409],[34.86335,31.73588],[34.86632,31.74145],[34.86807,31.74302],[34.87149,31.74364],[34.87372,31.74681],[34.87169,31.74934],[34.86864,31.74819],[34.87061,31.75179],[34.86711,31.75627],[34.86432,31.75388],[34.86316,31.75517],[34.86166,31.75484],[34.85603,31.75153],[34.85613,31.75357],[34.854,31.75365],[34.84098,31.75031],[34.83871,31.751],[34.8393,31.75604],[34.84328,31.76149],[34.84022,31.768],[34.84132,31.76797],[34.84311,31.77132],[34.83958,31.77656],[34.83745,31.78284],[34.83483,31.78356],[34.83851,31.79347],[34.83595,31.79882],[34.84136,31.80439],[34.85392,31.80901],[34.86275,31.81007],[34.87252,31.80888],[34.88645,31.8107],[34.89732,31.81033],[34.91148,31.81274],[34.91735,31.81518],[34.91234,31.81848],[34.91059,31.83042],[34.91348,31.83018],[34.91408,31.83125],[34.91264,31.83257],[34.91549,31.83475],[34.91802,31.83447],[34.91712,31.83573],[34.91793,31.83648],[34.92165,31.83604],[34.92275,31.83743],[34.92598,31.83627],[34.93405,31.83983],[34.93504,31.84171],[34.93971,31.84108],[34.94175,31.84274],[34.93902,31.84419],[34.93954,31.84613],[34.94268,31.84768],[34.9469,31.84853],[34.95134,31.84629],[34.95438,31.85056],[34.9539,31.85366],[34.96007,31.85987],[34.95989,31.86238],[34.95545,31.86811],[34.95508,31.87133],[34.95661,31.87274],[34.9554,31.87507],[34.95659,31.87543],[34.97588,31.86463],[34.97979,31.8613],[34.9864,31.84158],[34.98849,31.83941],[34.98776,31.83728],[34.98924,31.83145],[34.99287,31.82726],[35.00549,31.82617],[35.01982,31.82151],[35.02611,31.81806],[35.02407,31.81622],[35.02444,31.81477],[35.03326,31.80801],[35.04304,31.80614],[35.0461,31.80418],[35.05026,31.80357],[35.05893,31.80709],[35.07487,31.80029],[35.08957,31.80036],[35.09531,31.795],[35.09592,31.79068],[35.09946,31.79008],[35.10299,31.79245],[35.10769,31.79291],[35.11198,31.78825],[35.11365,31.78438],[35.11436,31.78625],[35.11767,31.787],[35.11871,31.78912],[35.12171,31.78762],[35.12025,31.79057],[35.12405,31.78698],[35.12449,31.7891],[35.12607,31.7897],[35.12751,31.78843],[35.12872,31.79031],[35.1316,31.79005],[35.13588,31.79317],[35.13654,31.79189],[35.13377,31.79],[35.13482,31.78678]],[[35.01786,31.76869],[35.00998,31.76665],[35.00945,31.76277],[35.00593,31.76066],[34.9979,31.76081],[34.99488,31.76305],[34.98951,31.75885],[34.97927,31.75408],[34.97354,31.74659],[34.97309,31.74087],[34.96878,31.73715],[34.96515,31.73815],[34.96101,31.7375],[34.95647,31.74129],[34.94722,31.7408],[34.94754,31.73778],[34.95078,31.7337],[34.95481,31.73205],[34.95699,31.72974],[34.95924,31.72992],[34.96122,31.7264],[34.96035,31.72289],[34.96423,31.72064],[34.95944,31.7114],[34.95507,31.70933],[34.9505,31.70927],[34.9486,31.70654],[34.94476,31.70451],[34.94223,31.69759],[34.9441,31.69103],[34.95137,31.69355],[34.96223,31.69321],[34.96627,31.69436],[34.96931,31.69379],[34.96919,31.69278],[34.97767,31.69219],[34.97717,31.69049],[34.98538,31.69188],[34.98599,31.68853],[34.98929,31.68904],[34.9893,31.68772],[34.99505,31.68702],[34.99744,31.68798],[34.99855,31.69141],[35.00286,31.69066],[35.00727,31.69432],[35.00989,31.6939],[35.01119,31.69663],[35.0095,31.69811],[35.00842,31.70544],[35.00593,31.70975],[35.00893,31.71741],[35.00923,31.72387],[35.00505,31.73177],[35.00358,31.73108],[35.0045,31.73069],[35.00388,31.72801],[35.00081,31.728],[34.99938,31.72946],[34.99732,31.72849],[34.9976,31.72936],[34.99538,31.72966],[34.99336,31.73359],[34.99419,31.73568],[34.9958,31.73477],[34.99933,31.73537],[35.00261,31.73857],[35.00143,31.74362],[35.00309,31.74842],[34.99934,31.75666],[35.00896,31.75674],[35.00882,31.75961],[35.01054,31.76091],[35.01637,31.75756],[35.01961,31.75819],[35.0202,31.75978],[35.01874,31.76125],[35.0227,31.7642],[35.02321,31.7668],[35.01786,31.76869]]]}},
{"type":"Feature","properties":{"TahanaName":"תחנת מסובים","TahanaShortName":"מסובים","MerhavName":"דן","MahozName":"ת\"א"},"geometry":{"type":"Polygon","coordinates":[[[34.84817,32.08678],[34.85613,32.08598],[34.85527,32.08039],[34.86009,32.0802],[34.86014,32.06736],[34.86736,32.07079],[34.87511,32.0706],[34.87548,32.06626],[34.87914,32.06674],[34.87934,32.06558],[34.88094,32.06578],[34.88187,32.06328],[34.88343,32.06349],[34.88403,32.05918],[34.88264,32.05895],[34.88434,32.04947],[34.89114,32.0498],[34.89141,32.04109],[34.89512,32.04114],[34.89821,32.03908],[34.89885,32.03143],[34.90693,32.03115],[34.90701,32.0246],[34.89391,32.02607],[34.89214,32.02459],[34.89264,32.02216],[34.88891,32.02363],[34.89208,32.02454],[34.89207,32.02628],[34.8806,32.02745],[34.87165,32.02231],[34.85369,32.01828],[34.85098,32.01629],[34.84827,32.01684],[34.84928,32.01993],[34.84677,32.01963],[34.84582,32.02226],[34.84313,32.02233],[34.84236,32.02132],[34.84072,32.02228],[34.83951,32.02127],[34.83883,32.02332],[34.83687,32.02401],[34.83679,32.02578],[34.82977,32.02741],[34.8276,32.0267],[34.82992,32.03567],[34.83131,32.03755],[34.83289,32.03757],[34.83029,32.0397],[34.83005,32.04576],[34.83305,32.05269],[34.83644,32.05356],[34.83498,32.05526],[34.83607,32.05988],[34.83878,32.06382],[34.84483,32.06477],[34.84441,32.06577],[34.83926,32.06582],[34.84383,32.07397],[34.84654,32.08984],[34.84799,32.08944],[34.84817,32.08678]]]}},
{"type":"Feature","properties":{"TahanaName":"תחנת מעלה אדומים","TahanaShortName":"מעלה אדומים","MerhavName":"גלעד","MahozName":"ש\"י"},"geometry":{"type":"Polygon","coordinates":[[[35.39861,31.86382],[35.39744,31.86178],[35.39822,31.85922],[35.40273,31.8523],[35.4046,31.85148],[35.40482,31.84933],[35.4063,31.84755],[35.40863,31.84868],[35.41079,31.84703],[35.40957,31.84544],[35.41052,31.84253],[35.41306,31.84474],[35.41482,31.84395],[35.41051,31.83739],[35.41262,31.8368],[35.41345,31.83514],[35.41939,31.83609],[35.42298,31.83436],[35.42436,31.83221],[35.42324,31.82799],[35.42726,31.82512],[35.43338,31.82373],[35.43926,31.82424],[35.43878,31.82102],[35.44081,31.81969],[35.44203,31.81003],[35.44447,31.80611],[35.44625,31.80637],[35.44765,31.80451],[35.44696,31.80132],[35.44891,31.80169],[35.44917,31.80151],[35.44346,31.79926],[35.43847,31.80007],[35.42783,31.79811],[35.42663,31.7962],[35.42733,31.7927],[35.43067,31.7887],[35.43017,31.78662],[35.43234,31.78639],[35.43077,31.78541],[35.43017,31.78642],[35.42612,31.78196],[35.4217,31.78004],[35.41649,31.78052],[35.41098,31.77691],[35.41004,31.77455],[35.40715,31.77264],[35.40809,31.7693],[35.40533,31.76738],[35.40494,31.76572],[35.40692,31.76133],[35.41134,31.76374],[35.4141,31.76226],[35.4169,31.76382],[35.42119,31.76164],[35.425,31.75732],[35.42765,31.75652],[35.42443,31.75389],[35.42163,31.75691],[35.41704,31.75896],[35.408,31.75836],[35.40917,31.754],[35.39358,31.71941],[35.38411,31.7137],[35.38072,31.70958],[35.37439,31.69068],[35.36329,31.69291],[35.35877,31.69568],[35.3519,31.69433],[35.34488,31.68923],[35.34293,31.69121],[35.34071,31.69112],[35.34114,31.69223],[35.33906,31.69419],[35.33683,31.69386],[35.33598,31.69587],[35.33369,31.69626],[35.33569,31.70007],[35.33105,31.70232],[35.3321,31.70798],[35.32886,31.71041],[35.32963,31.71501],[35.32675,31.71548],[35.32526,31.72188],[35.3223,31.7238],[35.31396,31.72176],[35.31332,31.72322],[35.30984,31.72296],[35.30484,31.72557],[35.29782,31.72718],[35.29576,31.72652],[35.29534,31.72801],[35.29201,31.72949],[35.28447,31.7297],[35.27384,31.72261],[35.26535,31.71933],[35.26293,31.72265],[35.26462,31.7305],[35.26386,31.73758],[35.2597,31.74201],[35.25627,31.74138],[35.26077,31.74825],[35.2589,31.74945],[35.25881,31.7503],[35.26063,31.75052],[35.25809,31.75331],[35.25986,31.7575],[35.25873,31.75943],[35.25335,31.76209],[35.25167,31.76594],[35.25245,31.76962],[35.25482,31.77145],[35.25289,31.77494],[35.25964,31.78076],[35.26269,31.78095],[35.26244,31.78316],[35.26407,31.7829],[35.26052,31.78698],[35.25801,31.79789],[35.27214,31.80901],[35.27444,31.81829],[35.27326,31.8229],[35.27462,31.82282],[35.27915,31.82769],[35.27621,31.82774],[35.27576,31.83162],[35.28237,31.8318],[35.28567,31.83524],[35.28981,31.83675],[35.29091,31.83408],[35.29451,31.83541],[35.29606,31.8346],[35.29752,31.83598],[35.30568,31.83291],[35.31766,31.83328],[35.31848,31.83084],[35.31969,31.83226],[35.32253,31.83249],[35.32646,31.83114],[35.33029,31.83333],[35.33083,31.83134],[35.33283,31.83118],[35.33984,31.83661],[35.34426,31.83622],[35.34306,31.83722],[35.34087,31.84874],[35.3393,31.85037],[35.3342,31.85058],[35.33161,31.85259],[35.32935,31.8525],[35.32878,31.85294],[35.33276,31.85423],[35.33873,31.85391],[35.34316,31.8512],[35.3466,31.85317],[35.34801,31.8566],[35.35553,31.85934],[35.36652,31.85719],[35.37011,31.85454],[35.37726,31.85487],[35.37998,31.85254],[35.38434,31.85547],[35.3869,31.85581],[35.38927,31.85903],[35.39198,31.85945],[35.39299,31.86249],[35.39645,31.86422],[35.39861,31.86382]]]}},
{"type":"Feature","properties":{"TahanaName":"תחנת מעלות תרשיחא","TahanaShortName":"מעלות תרשיחא","MerhavName":"כנרת","MahozName":"צפון"},"geometry":{"type":"Polygon","coordinates":[[[35.33837,33.06845],[35.34381,33.06539],[35.34866,33.05937],[35.35938,33.05671],[35.37814,33.05502],[35.38231,33.06138],[35.39386,33.06093],[35.38583,33.06022],[35.38691,33.05652],[35.38521,33.05442],[35.38553,33.05274],[35.38773,33.0511],[35.38291,33.0498],[35.38626,33.04757],[35.3859,33.04479],[35.38808,33.03982],[35.39363,33.03556],[35.39063,33.03259],[35.3864,33.03238],[35.39146,33.02479],[35.38699,33.02367],[35.38656,33.02003],[35.38899,33.01701],[35.39134,33.01735],[35.39288,33.0163],[35.39399,33.01383],[35.3931,33.00994],[35.39394,33.00499],[35.39519,33.00292],[35.39795,33.00164],[35.39585,33.00044],[35.39301,33.00064],[35.39287,32.99903],[35.39993,32.99914],[35.4138,32.99511],[35.41432,32.99203],[35.40989,32.99034],[35.41451,32.98601],[35.40927,32.98597],[35.40476,32.984],[35.38599,32.98769],[35.38195,32.98666],[35.37637,32.98302],[35.36966,32.98506],[35.36699,32.98824],[35.36264,32.98204],[35.36129,32.98268],[35.36189,32.98172],[35.35971,32.98054],[35.35722,32.97458],[35.35554,32.9745],[35.35547,32.97106],[35.34968,32.9693],[35.34588,32.96656],[35.34527,32.95793],[35.34828,32.9551],[35.33772,32.95641],[35.32976,32.95524],[35.32976,32.95931],[35.32748,32.95938],[35.32536,32.95896],[35.32574,32.95619],[35.32282,32.95451],[35.32214,32.95252],[35.31958,32.95349],[35.31842,32.95252],[35.3136,32.95316],[35.31219,32.95473],[35.31079,32.95362],[35.3039,32.95354],[35.30311,32.95162],[35.30404,32.94969],[35.29842,32.95063],[35.29302,32.94961],[35.28499,32.95028],[35.27569,32.94705],[35.2704,32.9468],[35.2668,32.94984],[35.25999,32.95121],[35.25919,32.95416],[35.25563,32.95479],[35.25078,32.95814],[35.24563,32.9638],[35.23979,32.96151],[35.23574,32.96342],[35.23157,32.96102],[35.23025,32.96217],[35.2258,32.96193],[35.22395,32.96476],[35.22131,32.96441],[35.22042,32.96303],[35.21876,32.96351],[35.21367,32.96752],[35.20733,32.96599],[35.20281,32.96765],[35.20031,32.97067],[35.19698,32.9712],[35.19898,32.97217],[35.20209,32.97181],[35.20206,32.97379],[35.21204,32.97572],[35.21682,32.97534],[35.21546,32.97854],[35.21188,32.98084],[35.21507,32.98434],[35.21213,32.9831],[35.21192,32.98585],[35.2165,32.98522],[35.21856,32.98715],[35.22175,32.98792],[35.22694,32.98751],[35.2273,32.98903],[35.23655,32.98686],[35.24031,32.98725],[35.24172,32.98986],[35.24393,32.98993],[35.24136,32.99523],[35.24866,32.99638],[35.25118,32.99789],[35.24985,33.00227],[35.24807,33.00211],[35.24779,33.00404],[35.2359,33.00332],[35.23985,33.0084],[35.23217,33.0078],[35.22694,33.00583],[35.22093,33.00623],[35.22115,33.00883],[35.22688,33.0101],[35.2231,33.01254],[35.22069,33.01244],[35.2203,33.01392],[35.22191,33.01562],[35.22439,33.01567],[35.22674,33.01727],[35.23366,33.01635],[35.2258,33.0203],[35.22697,33.02485],[35.23719,33.02599],[35.24449,33.0248],[35.24897,33.02529],[35.2474,33.02698],[35.24862,33.02765],[35.24814,33.0311],[35.23944,33.03328],[35.24016,33.03779],[35.24526,33.03917],[35.24662,33.03873],[35.24552,33.0377],[35.24936,33.0368],[35.24905,33.03536],[35.25104,33.03595],[35.25165,33.03764],[35.2496,33.03986],[35.25074,33.04184],[35.255,33.04388],[35.25905,33.0442],[35.26536,33.04224],[35.26862,33.03826],[35.27282,33.03736],[35.27887,33.03964],[35.28593,33.04448],[35.28821,33.05579],[35.28614,33.05831],[35.28807,33.05903],[35.28576,33.05977],[35.30083,33.06673],[35.30158,33.06838],[35.30533,33.06682],[35.30927,33.0685],[35.31084,33.06755],[35.31409,33.06801],[35.31246,33.06484],[35.3174,33.06263],[35.32056,33.06532],[35.32002,33.06686],[35.32235,33.06818],[35.32701,33.06721],[35.3335,33.06917],[35.33311,33.07171],[35.33461,33.07497],[35.33837,33.06845]]]}},
{"type":"Feature","properties":{"TahanaName":"תחנת משגב","TahanaShortName":"משגב","MerhavName":"גליל","MahozName":"צפון"},"geometry":{"type":"Polygon","coordinates":[[[35.30997,32.90855],[35.31338,32.90567],[35.31378,32.90668],[35.31522,32.90628],[35.31528,32.90389],[35.31922,32.90122],[35.33504,32.89775],[35.33804,32.89808],[35.33911,32.90065],[35.34412,32.901],[35.35366,32.90059],[35.35914,32.89844],[35.36167,32.89945],[35.36897,32.8986],[35.37275,32.90356],[35.3725,32.89821],[35.37153,32.89779],[35.37445,32.89444],[35.37594,32.89505],[35.37661,32.89384],[35.37956,32.89399],[35.37921,32.89047],[35.38345,32.88898],[35.38739,32.88335],[35.39028,32.88212],[35.38993,32.87677],[35.38515,32.87842],[35.38767,32.87532],[35.38773,32.87445],[35.38495,32.87398],[35.386,32.87101],[35.39046,32.8663],[35.39078,32.86331],[35.38928,32.86189],[35.39665,32.85768],[35.40049,32.85704],[35.39897,32.85192],[35.40085,32.84564],[35.39814,32.84225],[35.39617,32.83462],[35.39261,32.83272],[35.38669,32.83207],[35.38415,32.83013],[35.38096,32.83295],[35.37407,32.83514],[35.36986,32.83483],[35.36341,32.83068],[35.35638,32.8294],[35.3537,32.82698],[35.34481,32.82424],[35.33942,32.8197],[35.33147,32.82151],[35.32668,32.82057],[35.32279,32.8177],[35.31735,32.81768],[35.31014,32.80875],[35.28383,32.7884],[35.27659,32.77825],[35.26618,32.7725],[35.25737,32.77166],[35.2503,32.76784],[35.2449,32.76703],[35.2444,32.76474],[35.23281,32.7589],[35.23097,32.76395],[35.23468,32.76583],[35.24179,32.77677],[35.25029,32.78413],[35.24667,32.787],[35.24277,32.78838],[35.24107,32.78781],[35.24038,32.78994],[35.23693,32.79267],[35.23693,32.79618],[35.23973,32.79649],[35.23923,32.79868],[35.23666,32.79731],[35.23275,32.7972],[35.23351,32.79482],[35.22852,32.79308],[35.2266,32.79647],[35.22259,32.79809],[35.21793,32.79692],[35.21134,32.79706],[35.21063,32.79621],[35.20587,32.80121],[35.20219,32.81311],[35.20409,32.81492],[35.20479,32.82051],[35.206,32.82119],[35.21197,32.82125],[35.21328,32.81896],[35.21601,32.82044],[35.22023,32.81931],[35.22177,32.82033],[35.22606,32.81817],[35.22833,32.81853],[35.22975,32.81957],[35.22718,32.82318],[35.22778,32.82707],[35.23387,32.83127],[35.23667,32.83192],[35.23892,32.83616],[35.23453,32.84076],[35.23896,32.84395],[35.23683,32.84681],[35.24059,32.84728],[35.23508,32.84918],[35.23732,32.85043],[35.23472,32.85138],[35.22944,32.85805],[35.22192,32.86118],[35.22901,32.86413],[35.23205,32.86395],[35.22829,32.86664],[35.23744,32.87074],[35.23834,32.8743],[35.23318,32.87625],[35.23509,32.87681],[35.2324,32.87871],[35.23091,32.88208],[35.23524,32.88276],[35.23757,32.88159],[35.23735,32.8805],[35.23947,32.88412],[35.24226,32.88321],[35.24309,32.88048],[35.24623,32.88078],[35.24673,32.87879],[35.25007,32.87954],[35.251,32.87693],[35.2541,32.88345],[35.25121,32.88386],[35.24659,32.88942],[35.24759,32.89247],[35.24239,32.89491],[35.23763,32.89515],[35.25165,32.8964],[35.25602,32.8945],[35.25981,32.89666],[35.26402,32.89659],[35.26203,32.89534],[35.26317,32.89394],[35.26199,32.89108],[35.25776,32.88955],[35.25683,32.88765],[35.26192,32.88905],[35.26508,32.89179],[35.26663,32.89521],[35.27003,32.89672],[35.27537,32.89369],[35.27955,32.89517],[35.28255,32.89283],[35.28531,32.8954],[35.28868,32.89443],[35.29383,32.89662],[35.29612,32.89347],[35.29816,32.89316],[35.30132,32.89485],[35.29875,32.90026],[35.30341,32.90095],[35.30505,32.90719],[35.31,32.91229],[35.30997,32.90855]]]}},
{"type":"Feature","properties":{"TahanaName":"תחנת נהריה","TahanaShortName":"נהריה","MerhavName":"אשר","MahozName":"חוף"},"geometry":{"type":"Polygon","coordinates":[[[35.29946,33.10501],[35.30094,33.10048],[35.30934,33.10076],[35.31715,33.105],[35.32463,33.09573],[35.32077,33.08778],[35.32518,33.08188],[35.33402,33.07635],[35.33457,33.07325],[35.3331,33.07166],[35.334,33.06974],[35.32711,33.06722],[35.32489,33.06713],[35.32381,33.06856],[35.32216,33.0681],[35.31739,33.06263],[35.31246,33.06484],[35.31409,33.06801],[35.31084,33.06755],[35.30927,33.0685],[35.30533,33.06682],[35.30166,33.0684],[35.2989,33.06572],[35.28679,33.06071],[35.28576,33.0597],[35.28808,33.05897],[35.28614,33.05829],[35.28821,33.05579],[35.28572,33.04404],[35.27887,33.03964],[35.27282,33.03736],[35.26725,33.03897],[35.26437,33.04284],[35.25905,33.0442],[35.255,33.04388],[35.25074,33.04184],[35.2496,33.03986],[35.25165,33.03764],[35.25104,33.03595],[35.24905,33.03536],[35.24936,33.0368],[35.24552,33.0377],[35.24662,33.03873],[35.24526,33.03917],[35.24016,33.03779],[35.23944,33.03328],[35.24814,33.0311],[35.24862,33.02765],[35.2474,33.02698],[35.24896,33.02528],[35.24449,33.0248],[35.23719,33.02599],[35.22697,33.02485],[35.2258,33.0203],[35.23366,33.01635],[35.22668,33.01726],[35.22439,33.01567],[35.22191,33.01562],[35.2203,33.01384],[35.22069,33.01244],[35.2231,33.01254],[35.22688,33.01016],[35.22115,33.00883],[35.22093,33.00623],[35.22234,33.00543],[35.23985,33.0084],[35.2359,33.00332],[35.24777,33.00405],[35.24807,33.00211],[35.24985,33.00227],[35.25097,32.99766],[35.24132,32.99518],[35.24393,32.98993],[35.24172,32.98986],[35.24048,32.98732],[35.23655,32.98686],[35.2273,32.98903],[35.22694,32.98751],[35.22175,32.98792],[35.21856,32.98715],[35.2165,32.98522],[35.21192,32.98585],[35.21213,32.9831],[35.21507,32.98434],[35.21188,32.98084],[35.21546,32.97854],[35.21676,32.97531],[35.21204,32.97572],[35.2006,32.97368],[35.18028,32.97585],[35.17826,32.96725],[35.17601,32.96672],[35.16583,32.97064],[35.16638,32.96841],[35.16166,32.96814],[35.15966,32.97004],[35.15479,32.96788],[35.14858,32.96769],[35.14057,32.96459],[35.12803,32.96363],[35.12645,32.96199],[35.12687,32.95877],[35.1214,32.95656],[35.12075,32.95531],[35.11813,32.95762],[35.11595,32.95713],[35.11481,32.95814],[35.11107,32.95667],[35.10329,32.95692],[35.10143,32.95568],[35.09845,32.95605],[35.0961,32.95866],[35.09073,32.95837],[35.08902,32.95669],[35.07525,32.95886],[35.0763,32.96813],[35.08026,32.97826],[35.08024,32.98339],[35.08179,32.98382],[35.0823,32.99049],[35.08883,33.00986],[35.08819,33.01076],[35.08764,33.00991],[35.08837,33.01151],[35.08915,33.01177],[35.08861,33.01232],[35.08851,33.01301],[35.08934,33.0125],[35.09586,33.03508],[35.09793,33.03852],[35.09704,33.04066],[35.10007,33.04361],[35.1005,33.04963],[35.10196,33.05078],[35.10579,33.07872],[35.10605,33.09178],[35.10407,33.09254],[35.10375,33.0942],[35.13509,33.09113],[35.14041,33.09204],[35.15055,33.09084],[35.15586,33.09155],[35.1555,33.08596],[35.15765,33.0863],[35.1601,33.08886],[35.16924,33.09096],[35.17257,33.09382],[35.17807,33.09417],[35.18572,33.08952],[35.19011,33.08932],[35.19338,33.08511],[35.20036,33.08776],[35.20691,33.0884],[35.20851,33.09116],[35.20687,33.09487],[35.2117,33.0999],[35.22633,33.09863],[35.23007,33.09454],[35.23843,33.09212],[35.24856,33.09523],[35.25678,33.0958],[35.27141,33.10032],[35.2812,33.10107],[35.29324,33.10791],[35.29946,33.10501]]]}},
{"type":"Feature","properties":{"TahanaName":"תחנת נוף הגליל","TahanaShortName":"נוף הגליל","MerhavName":"עמקים","MahozName":"צפון"},"geometry":{"type":"Polygon","coordinates":[[[35.37401,32.73523],[35.37646,32.73483],[35.38359,32.729],[35.38348,32.72781],[35.37767,32.72754],[35.37827,32.72435],[35.37543,32.72174],[35.37426,32.71759],[35.37425,32.7157],[35.37906,32.71037],[35.37738,32.70418],[35.37536,32.70317],[35.37349,32.70373],[35.36779,32.69889],[35.36486,32.69863],[35.36336,32.69518],[35.35885,32.69464],[35.35624,32.69263],[35.35293,32.69243],[35.35118,32.69363],[35.34957,32.69045],[35.34189,32.69268],[35.33804,32.68925],[35.3266,32.68978],[35.32333,32.68781],[35.3195,32.68738],[35.31642,32.68367],[35.30555,32.68365],[35.30564,32.68668],[35.30307,32.68919],[35.30442,32.69025],[35.30442,32.69197],[35.30268,32.69278],[35.30353,32.69534],[35.30553,32.69504],[35.30762,32.69664],[35.31001,32.69939],[35.30883,32.69993],[35.30904,32.70207],[35.31133,32.70196],[35.31321,32.70565],[35.31468,32.70531],[35.31238,32.70816],[35.30648,32.70888],[35.3065,32.71115],[35.31089,32.71363],[35.31276,32.71163],[35.3157,32.71249],[35.31545,32.71362],[35.32161,32.70977],[35.32323,32.71442],[35.32804,32.71314],[35.32708,32.7146],[35.33011,32.71486],[35.32307,32.7282],[35.32451,32.72699],[35.32807,32.72892],[35.32806,32.73238],[35.33305,32.73225],[35.33879,32.72955],[35.34341,32.72997],[35.34515,32.72914],[35.34604,32.73217],[35.35057,32.73083],[35.35091,32.73246],[35.35723,32.73336],[35.35914,32.73484],[35.36975,32.73305],[35.3718,32.73424],[35.37421,32.73384],[35.37401,32.73523]]]}},
{"type":"Feature","properties":{"TahanaName":"תחנת נצרת","TahanaShortName":"נצרת","MerhavName":"עמקים","MahozName":"צפון"},"geometry":{"type":"Polygon","coordinates":[[[35.23346,32.75895],[35.23518,32.75665],[35.24175,32.75458],[35.24942,32.74834],[35.2586,32.74386],[35.26099,32.73638],[35.27967,32.72833],[35.28605,32.72807],[35.29643,32.73128],[35.31171,32.7341],[35.32367,32.72909],[35.32307,32.7282],[35.33011,32.71486],[35.32708,32.7146],[35.32804,32.71314],[35.32323,32.71442],[35.32161,32.70977],[35.31545,32.71362],[35.3157,32.71249],[35.31276,32.71163],[35.31089,32.71363],[35.3065,32.71115],[35.30648,32.70888],[35.31238,32.70816],[35.31468,32.70531],[35.31321,32.70565],[35.31133,32.70196],[35.30904,32.70207],[35.30883,32.69993],[35.31001,32.69939],[35.30762,32.69664],[35.30553,32.69504],[35.30353,32.69534],[35.30268,32.69278],[35.30442,32.69197],[35.30442,32.69025],[35.30307,32.68919],[35.30538,32.68713],[35.30591,32.68481],[35.3008,32.67864],[35.29823,32.67728],[35.28962,32.67613],[35.28801,32.67378],[35.28531,32.67453],[35.28433,32.67269],[35.27626,32.67041],[35.27232,32.66759],[35.26908,32.66759],[35.2688,32.67071],[35.26767,32.66917],[35.26424,32.6697],[35.26409,32.6745],[35.26534,32.67493],[35.26453,32.67927],[35.25986,32.67902],[35.25742,32.68148],[35.25844,32.69064],[35.2599,32.69196],[35.26303,32.69195],[35.26359,32.69728],[35.26784,32.69888],[35.26937,32.69657],[35.2733,32.69606],[35.27703,32.70531],[35.2758,32.70653],[35.26514,32.70369],[35.2618,32.70503],[35.25517,32.7051],[35.25548,32.70743],[35.24769,32.70883],[35.2383,32.71637],[35.24414,32.71799],[35.24724,32.71662],[35.25039,32.71685],[35.251,32.71747],[35.24953,32.71812],[35.25102,32.71827],[35.24952,32.72019],[35.25082,32.72188],[35.24885,32.72398],[35.24135,32.72576],[35.2432,32.72682],[35.23986,32.72628],[35.2403,32.72788],[35.23828,32.7286],[35.23963,32.73123],[35.239,32.73337],[35.23557,32.73355],[35.23211,32.73797],[35.23273,32.73904],[35.23128,32.73913],[35.22557,32.74469],[35.22203,32.74556],[35.23346,32.75895]]]}},
{"type":"Feature","properties":{"TahanaName":"תחנת נשר","TahanaShortName":"נשר","MerhavName":"כרמל","MahozName":"חוף"},"geometry":{"type":"Polygon","coordinates":[[[34.97127,32.74507],[34.97976,32.74867],[34.97882,32.74959],[34.9791,32.75657],[34.97779,32.75806],[34.9763,32.75764],[34.97637,32.75865],[34.98096,32.75854],[34.98183,32.75981],[34.98677,32.7603],[34.99119,32.75794],[34.99367,32.7582],[34.99662,32.75683],[34.9994,32.76098],[34.99844,32.76229],[35.00332,32.76436],[35.00386,32.76305],[35.00494,32.76356],[35.00678,32.76231],[35.01141,32.76316],[35.0161,32.76244],[35.01107,32.76718],[35.01306,32.76897],[35.01426,32.7676],[35.0152,32.76846],[35.01534,32.76672],[35.01678,32.76911],[35.01737,32.77179],[35.01489,32.77243],[35.01529,32.77778],[35.02006,32.78158],[35.02882,32.7813],[35.02885,32.78352],[35.03101,32.78449],[35.02821,32.78649],[35.02758,32.78881],[35.03661,32.783],[35.03853,32.78366],[35.04142,32.77964],[35.05787,32.76762],[35.07019,32.753],[35.07988,32.74551],[35.08442,32.73672],[35.09534,32.72569],[35.10439,32.68918],[35.10534,32.67747],[35.10339,32.67433],[35.10723,32.67426],[35.10754,32.67344],[35.10344,32.67253],[35.10377,32.66866],[35.10221,32.66826],[35.10446,32.662],[35.10281,32.65948],[35.10113,32.65894],[35.10158,32.66012],[35.09733,32.66021],[35.09439,32.65682],[35.09482,32.65529],[35.08238,32.64978],[35.08341,32.64945],[35.08077,32.64833],[35.08074,32.64605],[35.0779,32.64335],[35.07275,32.64265],[35.06667,32.63934],[35.06446,32.6368],[35.06245,32.63725],[35.05626,32.64476],[35.05688,32.64707],[35.06261,32.65344],[35.05395,32.66331],[35.05295,32.66662],[35.05589,32.66945],[35.05518,32.67457],[35.04977,32.67362],[35.04724,32.6713],[35.04305,32.67098],[35.04001,32.66805],[35.04004,32.66548],[35.03424,32.66905],[35.02853,32.66785],[35.02971,32.67161],[35.03543,32.67236],[35.03827,32.675],[35.03803,32.67881],[35.03418,32.68285],[35.0245,32.68636],[35.02341,32.68917],[35.02113,32.69069],[35.0193,32.69038],[35.01868,32.69327],[35.01596,32.6935],[35.01585,32.6979],[35.00974,32.69867],[35.00376,32.70768],[34.99839,32.71063],[34.99447,32.71038],[34.99362,32.71267],[34.99628,32.71197],[34.9957,32.71385],[34.99335,32.71501],[34.98746,32.71528],[34.99096,32.71955],[34.98805,32.72043],[34.98966,32.72176],[34.9793,32.7253],[34.97663,32.72233],[34.97377,32.72315],[34.97215,32.72118],[34.9706,32.72124],[34.96996,32.7245],[34.9716,32.72763],[34.97074,32.73097],[34.96921,32.73094],[34.9683,32.73162],[34.96956,32.73137],[34.97083,32.7388],[34.96902,32.7421],[34.97068,32.74265],[34.97127,32.74507]]]}},
{"type":"Feature","properties":{"TahanaName":"מרחב נתב\"ג","TahanaShortName":"נתב\"ג","MerhavName":"נתב\"ג","MahozName":"מרכז"},"geometry":{"type":"Polygon","coordinates":[[[34.89208,32.02454],[34.88891,32.02363],[34.89264,32.02216],[34.89214,32.02459],[34.89393,32.02607],[34.90731,32.02454],[34.90547,32.0213],[34.90652,32.01754],[34.91561,32.01837],[34.92039,32.01764],[34.91777,32.01495],[34.90222,31.98427],[34.90155,31.98002],[34.8881,31.98684],[34.8792,31.9954],[34.87355,31.99579],[34.86827,31.99287],[34.86047,32.00854],[34.85785,32.00996],[34.85331,32.01001],[34.85144,32.01185],[34.85098,32.01629],[34.85266,32.01785],[34.86938,32.02152],[34.88057,32.02744],[34.89207,32.02628],[34.89208,32.02454]]]}},
{"type":"Feature","properties":{"TahanaName":"תחנת נתיבות","TahanaShortName":"נתיבות","MerhavName":"נגב מערבי","MahozName":"דרום"},"geometry":{"type":"Polygon","coordinates":[[[34.63408,31.49196],[34.63746,31.48777],[34.63907,31.48163],[34.64798,31.48322],[34.65224,31.48213],[34.65284,31.4843],[34.65534,31.48632],[34.66074,31.48304],[34.66441,31.48369],[34.66939,31.48199],[34.66562,31.47899],[34.66747,31.46916],[34.67006,31.46273],[34.67053,31.46373],[34.67304,31.46373],[34.67306,31.46153],[34.67441,31.46066],[34.67909,31.46199],[34.68148,31.45864],[34.68535,31.45795],[34.68903,31.46021],[34.6908,31.45922],[34.69451,31.46076],[34.69684,31.45801],[34.70189,31.45638],[34.71213,31.45566],[34.7183,31.45183],[34.73111,31.45164],[34.73421,31.44202],[34.73311,31.44164],[34.73245,31.43441],[34.72469,31.4195],[34.73063,31.41429],[34.73372,31.41381],[34.73251,31.4114],[34.72789,31.40943],[34.71874,31.40807],[34.70972,31.40006],[34.70335,31.40029],[34.7011,31.3977],[34.6987,31.39795],[34.69728,31.39488],[34.69403,31.39317],[34.68179,31.39187],[34.67968,31.38892],[34.67535,31.38852],[34.67412,31.39013],[34.669,31.39004],[34.66576,31.38816],[34.66185,31.38938],[34.66024,31.38816],[34.65439,31.39026],[34.64969,31.38869],[34.64583,31.3923],[34.64167,31.3926],[34.63483,31.38621],[34.63218,31.38608],[34.63143,31.38771],[34.62937,31.38823],[34.61974,31.38373],[34.61325,31.37742],[34.6091,31.37862],[34.60219,31.37744],[34.59841,31.37284],[34.59397,31.3708],[34.59368,31.36905],[34.58933,31.36973],[34.5873,31.36876],[34.58824,31.36613],[34.5839,31.36418],[34.58338,31.36116],[34.57603,31.35874],[34.5707,31.36165],[34.56753,31.36193],[34.56122,31.36651],[34.55054,31.3636],[34.54415,31.365],[34.54059,31.36418],[34.53695,31.36631],[34.53206,31.36541],[34.5315,31.36833],[34.52774,31.37191],[34.52512,31.37101],[34.52355,31.37191],[34.51957,31.37034],[34.51898,31.37191],[34.50913,31.37671],[34.50386,31.37553],[34.50241,31.37706],[34.49846,31.37738],[34.49532,31.37952],[34.48891,31.38047],[34.48691,31.38364],[34.48397,31.38309],[34.48107,31.38619],[34.48213,31.38892],[34.47968,31.39],[34.48038,31.39433],[34.47595,31.39508],[34.47622,31.39838],[34.47466,31.40047],[34.49613,31.41871],[34.49714,31.42975],[34.49597,31.42897],[34.49065,31.4314],[34.48867,31.43005],[34.48521,31.43044],[34.48363,31.43169],[34.48181,31.42974],[34.48035,31.43092],[34.48113,31.4316],[34.47858,31.4311],[34.47728,31.43379],[34.47776,31.43723],[34.47457,31.43734],[34.47155,31.43578],[34.46937,31.43847],[34.46489,31.43844],[34.46269,31.43572],[34.45782,31.43501],[34.4597,31.43879],[34.45983,31.44274],[34.45839,31.44277],[34.44102,31.43651],[34.4365,31.43415],[34.4361,31.43265],[34.43376,31.4328],[34.42734,31.42617],[34.42688,31.42699],[34.43671,31.43988],[34.44593,31.44393],[34.4671,31.46465],[34.47906,31.45602],[34.48195,31.45809],[34.48975,31.45268],[34.49672,31.45876],[34.50308,31.45402],[34.50734,31.45289],[34.51567,31.46083],[34.52392,31.4559],[34.53381,31.46258],[34.53296,31.46299],[34.53415,31.46524],[34.52862,31.46951],[34.52911,31.47024],[34.54598,31.48301],[34.54928,31.48111],[34.5524,31.48145],[34.5572,31.47865],[34.56132,31.47993],[34.57078,31.47065],[34.5872,31.46956],[34.5903,31.4653],[34.59451,31.46409],[34.59888,31.4665],[34.60209,31.46658],[34.60445,31.47037],[34.60663,31.47066],[34.60651,31.47259],[34.61626,31.47447],[34.62255,31.48401],[34.62828,31.48421],[34.62763,31.48825],[34.63408,31.49196]]]}},
{"type":"Feature","properties":{"TahanaName":"תחנת נתניה","TahanaShortName":"נתניה","MerhavName":"שרון","MahozName":"מרכז"},"geometry":{"type":"Polygon","coordinates":[[[34.86511,32.36239],[34.87587,32.35561],[34.87852,32.35144],[34.86945,32.32857],[34.87745,32.32791],[34.8782,32.32564],[34.87515,32.32408],[34.88252,32.32312],[34.89596,32.32357],[34.88794,32.30597],[34.88751,32.30297],[34.88937,32.30183],[34.88946,32.29429],[34.88639,32.29447],[34.88556,32.29069],[34.88083,32.29096],[34.88084,32.28808],[34.87717,32.28891],[34.87649,32.28766],[34.87172,32.28655],[34.87233,32.28157],[34.8707,32.28199],[34.86333,32.27237],[34.85599,32.2728],[34.84183,32.268],[34.83595,32.25492],[34.83037,32.25655],[34.83209,32.25761],[34.83213,32.25912],[34.82874,32.26007],[34.8329,32.27327],[34.83325,32.28025],[34.83595,32.28525],[34.8465,32.32097],[34.8475,32.3256],[34.84647,32.327],[34.84541,32.32645],[34.84581,32.32846],[34.84796,32.32826],[34.8475,32.33],[34.84629,32.32968],[34.84955,32.33315],[34.85358,32.34752],[34.85429,32.35197],[34.85313,32.35307],[34.85502,32.35559],[34.85439,32.35721],[34.85563,32.35737],[34.85464,32.35858],[34.85612,32.35938],[34.85557,32.36228],[34.85684,32.36245],[34.85881,32.37007],[34.86337,32.36899],[34.86296,32.36529],[34.86511,32.36239]]]}},
{"type":"Feature","properties":{"TahanaName":"תחנת עוז","TahanaShortName":"עוז","MerhavName":"קדם","MahozName":"ירושלים"},"geometry":{"type":"Polygon","coordinates":[[[35.22961,31.7685],[35.23402,31.7686],[35.23886,31.76342],[35.24456,31.76266],[35.24683,31.76108],[35.25401,31.76074],[35.2552,31.76174],[35.25986,31.7575],[35.25809,31.75331],[35.26063,31.75052],[35.25881,31.7503],[35.2589,31.74945],[35.26074,31.74813],[35.25881,31.74662],[35.25866,31.74397],[35.25683,31.74178],[35.2518,31.73993],[35.25161,31.73705],[35.24889,31.73254],[35.25519,31.72753],[35.2547,31.72527],[35.25714,31.72112],[35.25678,31.71899],[35.2549,31.71743],[35.24894,31.71772],[35.24656,31.72001],[35.24743,31.71369],[35.24323,31.71174],[35.24491,31.70957],[35.24657,31.71103],[35.24745,31.70666],[35.24639,31.70545],[35.24211,31.70669],[35.2372,31.71091],[35.23424,31.71147],[35.22734,31.71784],[35.22766,31.71557],[35.2257,31.71727],[35.22598,31.71564],[35.22458,31.71713],[35.22375,31.71556],[35.22116,31.71653],[35.22191,31.71285],[35.21595,31.71537],[35.21103,31.71881],[35.21128,31.72118],[35.20922,31.72189],[35.20778,31.72419],[35.20595,31.72321],[35.20253,31.72406],[35.20305,31.72103],[35.20259,31.7201],[35.20389,31.72003],[35.20247,31.71973],[35.20213,31.71834],[35.20151,31.71853],[35.20283,31.7209],[35.20174,31.72123],[35.20224,31.72386],[35.20253,31.72421],[35.20372,31.72447],[35.20559,31.73128],[35.20942,31.73413],[35.21639,31.74479],[35.22518,31.76194],[35.22649,31.76799],[35.22578,31.77114],[35.22961,31.7685]]]}},
{"type":"Feature","properties":{"TahanaName":"תחנת עירון","TahanaShortName":"עירון","MerhavName":"מנשה","MahozName":"חוף"},"geometry":{"type":"Polygon","coordinates":[[[35.04565,32.55448],[35.05214,32.55372],[35.0611,32.54093],[35.06869,32.54512],[35.07257,32.54381],[35.08692,32.54464],[35.08671,32.54381],[35.08977,32.54334],[35.09343,32.54381],[35.0983,32.54697],[35.10746,32.54402],[35.09987,32.54263],[35.09866,32.54041],[35.09214,32.54052],[35.08975,32.53955],[35.09479,32.53458],[35.09191,32.53368],[35.09291,32.53054],[35.09585,32.53067],[35.0964,32.5279],[35.09509,32.52678],[35.09703,32.5229],[35.10309,32.524],[35.10379,32.52547],[35.11128,32.52257],[35.11423,32.51688],[35.1102,32.51508],[35.11008,32.51339],[35.11327,32.51248],[35.11118,32.5123],[35.11221,32.51021],[35.11339,32.50982],[35.12053,32.51349],[35.11855,32.51144],[35.11914,32.50889],[35.11647,32.50631],[35.11751,32.5046],[35.11938,32.50488],[35.11948,32.5035],[35.12571,32.5025],[35.12782,32.50088],[35.12783,32.50615],[35.12898,32.5069],[35.13364,32.50785],[35.14208,32.50563],[35.14363,32.5069],[35.14193,32.50387],[35.13937,32.50342],[35.13601,32.49941],[35.1403,32.4987],[35.14472,32.49944],[35.14695,32.49881],[35.14784,32.49753],[35.14526,32.49588],[35.13508,32.4957],[35.13748,32.49214],[35.14135,32.49189],[35.13964,32.48737],[35.12979,32.48792],[35.12965,32.48449],[35.12157,32.48014],[35.1189,32.47958],[35.11738,32.48049],[35.11555,32.47718],[35.11172,32.47775],[35.10729,32.47558],[35.10466,32.4775],[35.09783,32.47802],[35.09231,32.4761],[35.08399,32.46831],[35.07602,32.46635],[35.07174,32.46727],[35.0698,32.46639],[35.06921,32.46573],[35.07227,32.46406],[35.07079,32.46144],[35.07261,32.45458],[35.06906,32.45348],[35.06495,32.44945],[35.0655,32.44442],[35.06334,32.44583],[35.05322,32.44387],[35.04455,32.44792],[35.03661,32.44806],[35.03708,32.45692],[35.03514,32.46566],[35.03703,32.47302],[35.0248,32.47115],[35.02523,32.46886],[35.02311,32.46839],[35.02333,32.46711],[35.02018,32.46986],[35.01916,32.46652],[35.01404,32.46678],[35.014,32.46814],[35.01096,32.46821],[35.01109,32.47132],[35.01526,32.47819],[35.01751,32.47799],[35.02506,32.48149],[35.02585,32.50469],[35.02491,32.52253],[35.0267,32.52463],[35.02683,32.53507],[35.03071,32.54351],[35.03184,32.55502],[35.04088,32.56643],[35.03983,32.55733],[35.04565,32.55448]]]}},
{"type":"Feature","properties":{"TahanaName":"תחנת עכו","TahanaShortName":"עכו","MerhavName":"אשר","MahozName":"חוף"},"geometry":{"type":"Polygon","coordinates":[[[35.07465,32.95877],[35.08902,32.95669],[35.09073,32.95837],[35.0961,32.95866],[35.09845,32.95605],[35.10258,32.95624],[35.10202,32.94871],[35.10383,32.9466],[35.10634,32.93423],[35.11036,32.93391],[35.10986,32.93116],[35.11136,32.93104],[35.11042,32.92556],[35.10916,32.92559],[35.10899,32.92402],[35.109,32.92153],[35.11052,32.9211],[35.11028,32.918],[35.12515,32.91591],[35.13356,32.91327],[35.14513,32.91482],[35.16072,32.91221],[35.17253,32.91221],[35.19116,32.91416],[35.19983,32.91397],[35.19997,32.91297],[35.20732,32.91119],[35.21503,32.91054],[35.21248,32.90846],[35.21343,32.90281],[35.20782,32.89888],[35.20573,32.89908],[35.20011,32.89638],[35.19517,32.89671],[35.19018,32.89521],[35.18681,32.89607],[35.17877,32.89544],[35.17546,32.89309],[35.17176,32.8929],[35.16859,32.89082],[35.16079,32.89161],[35.1559,32.89616],[35.15198,32.89736],[35.14826,32.89745],[35.13584,32.89244],[35.11935,32.89437],[35.11884,32.89274],[35.12066,32.8884],[35.11778,32.88813],[35.12094,32.87268],[35.11999,32.86377],[35.10715,32.8649],[35.10646,32.87342],[35.09624,32.87418],[35.08871,32.88953],[35.07841,32.8933],[35.08103,32.90881],[35.07865,32.91852],[35.07222,32.92158],[35.06919,32.91957],[35.07058,32.9188],[35.06633,32.91907],[35.06583,32.91951],[35.07198,32.9336],[35.07465,32.95877]]]}},
{"type":"Feature","properties":{"TahanaName":"תחנת עפולה","TahanaShortName":"עפולה","MerhavName":"עמקים","MahozName":"צפון"},"geometry":{"type":"Polygon","coordinates":[[[35.28953,32.67599],[35.29101,32.67449],[35.29226,32.65821],[35.29277,32.66036],[35.29569,32.66043],[35.29704,32.66133],[35.29639,32.6626],[35.29993,32.66365],[35.29989,32.66503],[35.30894,32.66571],[35.31104,32.66723],[35.31097,32.66303],[35.3136,32.65869],[35.31567,32.65871],[35.31532,32.65763],[35.32634,32.658],[35.32765,32.65947],[35.32807,32.65671],[35.33315,32.65702],[35.33211,32.66309],[35.34005,32.66593],[35.34468,32.66019],[35.35225,32.66003],[35.35274,32.65214],[35.35765,32.64672],[35.37105,32.64874],[35.3763,32.65334],[35.38402,32.65627],[35.38874,32.65969],[35.38752,32.65763],[35.39168,32.65747],[35.39197,32.65579],[35.397,32.65325],[35.40224,32.65304],[35.40514,32.65174],[35.40456,32.64608],[35.41519,32.63789],[35.41021,32.63569],[35.41286,32.6282],[35.46862,32.61125],[35.48636,32.60771],[35.48289,32.59892],[35.47698,32.60095],[35.4612,32.60322],[35.45698,32.60501],[35.45211,32.60498],[35.45303,32.60039],[35.44898,32.60167],[35.44232,32.59197],[35.44472,32.58933],[35.45003,32.5866],[35.4518,32.58677],[35.4573,32.57345],[35.45657,32.57145],[35.45417,32.57133],[35.45176,32.5581],[35.44839,32.55871],[35.44462,32.55734],[35.44174,32.56296],[35.43648,32.56787],[35.43144,32.55699],[35.42626,32.55326],[35.42506,32.54696],[35.41388,32.54825],[35.41653,32.54593],[35.41603,32.53857],[35.41306,32.52964],[35.41895,32.52339],[35.41771,32.52124],[35.41946,32.51843],[35.4137,32.51657],[35.41173,32.51451],[35.40716,32.51552],[35.40693,32.51204],[35.39755,32.51455],[35.40256,32.509],[35.40037,32.50455],[35.40205,32.50207],[35.38988,32.50537],[35.38554,32.50538],[35.3823,32.50698],[35.374,32.50724],[35.37291,32.50912],[35.37559,32.51176],[35.37528,32.51297],[35.37168,32.51459],[35.36852,32.51453],[35.36637,32.51669],[35.36182,32.51545],[35.36083,32.51761],[35.35549,32.51899],[35.35431,32.51564],[35.35224,32.5162],[35.35019,32.5145],[35.3488,32.51526],[35.34927,32.51815],[35.34622,32.5165],[35.34083,32.51844],[35.33277,32.51528],[35.3104,32.51126],[35.30739,32.50934],[35.29205,32.51003],[35.27461,32.51493],[35.2522,32.52319],[35.23659,32.5361],[35.22483,32.55198],[35.2187,32.54912],[35.21411,32.54325],[35.21204,32.54477],[35.21002,32.54339],[35.20452,32.54713],[35.20243,32.55005],[35.19726,32.56368],[35.19146,32.57286],[35.1926,32.57563],[35.19183,32.57792],[35.21564,32.59838],[35.22267,32.60351],[35.23075,32.60699],[35.23485,32.61076],[35.2346,32.61357],[35.2369,32.61899],[35.23415,32.6207],[35.23689,32.62114],[35.24333,32.63333],[35.25234,32.63592],[35.25167,32.64092],[35.25865,32.64159],[35.25754,32.66111],[35.27439,32.65953],[35.27216,32.66758],[35.27626,32.67041],[35.28433,32.67269],[35.28531,32.67453],[35.28808,32.6738],[35.28953,32.67599]]]}},
{"type":"Feature","properties":{"TahanaName":"תחנת עציון","TahanaShortName":"עציון","MerhavName":"יהודה","MahozName":"ש\"י"},"geometry":{"type":"Polygon","coordinates":[[[35.16005,31.74262],[35.1663,31.73668],[35.16607,31.73014],[35.16826,31.72813],[35.16787,31.72597],[35.16408,31.72643],[35.16262,31.72441],[35.16456,31.72251],[35.16789,31.72225],[35.17062,31.71957],[35.17649,31.71862],[35.17554,31.7213],[35.17395,31.72165],[35.17506,31.72417],[35.17679,31.72432],[35.1845,31.72163],[35.1808,31.71757],[35.18712,31.72411],[35.18978,31.72365],[35.19109,31.72496],[35.19294,31.72436],[35.19275,31.72305],[35.19566,31.72346],[35.19735,31.72129],[35.20282,31.72093],[35.20149,31.7188],[35.20213,31.71834],[35.20389,31.72003],[35.20259,31.7201],[35.20305,31.72103],[35.20249,31.72402],[35.20595,31.72321],[35.20774,31.7242],[35.20922,31.72189],[35.21128,31.72118],[35.21103,31.71881],[35.21595,31.71537],[35.22191,31.71285],[35.22116,31.71653],[35.22375,31.71556],[35.22458,31.71713],[35.22598,31.71564],[35.2257,31.71727],[35.22766,31.71557],[35.22734,31.71784],[35.23424,31.71147],[35.2372,31.71091],[35.24211,31.70669],[35.24618,31.70544],[35.24745,31.70666],[35.24657,31.71103],[35.24491,31.70957],[35.24323,31.71174],[35.24743,31.71369],[35.24656,31.72001],[35.24856,31.71781],[35.25457,31.71738],[35.25652,31.71845],[35.25714,31.72112],[35.2547,31.72527],[35.25511,31.72767],[35.24892,31.73267],[35.25224,31.74032],[35.25945,31.74211],[35.26386,31.73758],[35.26462,31.7305],[35.26293,31.72265],[35.26544,31.71928],[35.27384,31.72261],[35.28447,31.7297],[35.29201,31.72949],[35.29534,31.72801],[35.29576,31.72652],[35.29782,31.72718],[35.30484,31.72557],[35.30984,31.72296],[35.31332,31.72322],[35.31396,31.72176],[35.3223,31.7238],[35.32526,31.72188],[35.32675,31.71548],[35.32812,31.71485],[35.32921,31.71472],[35.3294,31.71514],[35.32963,31.71501],[35.32886,31.71041],[35.3321,31.70798],[35.33105,31.70232],[35.33569,31.70007],[35.33369,31.69626],[35.33598,31.69587],[35.33683,31.69386],[35.33906,31.69419],[35.34114,31.69223],[35.34071,31.69112],[35.34293,31.69121],[35.34488,31.68923],[35.3519,31.69433],[35.35877,31.69568],[35.36596,31.69215],[35.38205,31.68911],[35.38589,31.68431],[35.39063,31.68438],[35.39067,31.68244],[35.38715,31.67726],[35.38939,31.67582],[35.3883,31.6738],[35.38971,31.67153],[35.39105,31.67157],[35.39114,31.66801],[35.39506,31.66504],[35.38815,31.66049],[35.3873,31.6575],[35.38965,31.65596],[35.39026,31.65365],[35.38915,31.64278],[35.39157,31.63994],[35.38413,31.64009],[35.38616,31.63385],[35.39046,31.63154],[35.38401,31.6273],[35.3768,31.62489],[35.37468,31.62219],[35.37215,31.6232],[35.36918,31.62152],[35.36469,31.62241],[35.36501,31.62052],[35.36139,31.61631],[35.36126,31.61356],[35.36363,31.61054],[35.36136,31.61158],[35.35598,31.60965],[35.35641,31.60877],[35.35828,31.60959],[35.36048,31.60775],[35.35926,31.60754],[35.35944,31.60549],[35.36484,31.60043],[35.36391,31.6002],[35.36426,31.59818],[35.36186,31.59454],[35.35578,31.58937],[35.35565,31.58662],[35.35301,31.58664],[35.35623,31.58339],[35.35382,31.58167],[35.3529,31.57879],[35.3542,31.57569],[35.35576,31.57563],[35.36075,31.57146],[35.36431,31.5665],[35.36291,31.56182],[35.36491,31.56148],[35.36499,31.55986],[35.36097,31.55367],[35.36466,31.55103],[35.36536,31.5485],[35.37221,31.54542],[35.37311,31.54104],[35.37153,31.53466],[35.37666,31.53392],[35.38254,31.52931],[35.38103,31.52383],[35.37723,31.52273],[35.37716,31.52169],[35.3751,31.52198],[35.37313,31.51943],[35.37607,31.51522],[35.37478,31.51328],[35.3756,31.50999],[35.38064,31.50676],[35.38028,31.50295],[35.38329,31.50198],[35.38247,31.49876],[35.38486,31.49637],[35.38536,31.4925],[35.3867,31.49191],[35.3818,31.49107],[35.38006,31.48927],[35.38551,31.48545],[35.35787,31.46656],[35.35547,31.46954],[35.35106,31.46989],[35.34283,31.4683],[35.3388,31.46978],[35.33412,31.46721],[35.33165,31.46876],[35.33007,31.46835],[35.33109,31.47134],[35.32879,31.47055],[35.32821,31.47229],[35.32574,31.47232],[35.32655,31.47661],[35.32323,31.47378],[35.32142,31.47534],[35.31782,31.47505],[35.31775,31.47711],[35.3151,31.4774],[35.31183,31.48013],[35.31334,31.48289],[35.31626,31.48479],[35.31414,31.48483],[35.31244,31.48631],[35.30917,31.48581],[35.30899,31.49167],[35.30648,31.49358],[35.30737,31.49486],[35.30526,31.49573],[35.30629,31.49789],[35.29938,31.5032],[35.28544,31.507],[35.27981,31.51195],[35.26874,31.51683],[35.26209,31.52426],[35.25967,31.52446],[35.2553,31.52883],[35.24732,31.5297],[35.24444,31.53233],[35.24158,31.53292],[35.24286,31.53785],[35.24114,31.54377],[35.23966,31.5434],[35.23986,31.54165],[35.23758,31.54344],[35.23612,31.54325],[35.23559,31.54005],[35.23436,31.54],[35.23024,31.54346],[35.22281,31.54324],[35.22225,31.547],[35.20981,31.55044],[35.20795,31.55224],[35.20222,31.55238],[35.1988,31.55416],[35.19192,31.55277],[35.18894,31.55494],[35.18979,31.55624],[35.18287,31.55905],[35.18152,31.55834],[35.18141,31.55643],[35.17704,31.55453],[35.17613,31.55272],[35.17406,31.55407],[35.17183,31.5529],[35.16989,31.55386],[35.16414,31.55348],[35.16261,31.55593],[35.1578,31.55675],[35.15258,31.561],[35.14691,31.5608],[35.14037,31.56346],[35.14026,31.56843],[35.1375,31.56882],[35.13781,31.57004],[35.13533,31.57025],[35.13546,31.57123],[35.12784,31.57295],[35.12561,31.57205],[35.12293,31.57306],[35.11629,31.57223],[35.11298,31.57011],[35.11175,31.56459],[35.10788,31.56424],[35.10832,31.56538],[35.10707,31.5658],[35.10644,31.56476],[35.09993,31.56415],[35.09984,31.56533],[35.09443,31.56691],[35.09417,31.56825],[35.09098,31.56565],[35.08059,31.57274],[35.08069,31.57587],[35.07683,31.57612],[35.0742,31.57484],[35.07313,31.57551],[35.07491,31.57666],[35.07492,31.58045],[35.08017,31.58175],[35.08081,31.58289],[35.08529,31.58292],[35.08119,31.5858],[35.08075,31.58752],[35.08285,31.58662],[35.083,31.58948],[35.08092,31.59284],[35.08129,31.5968],[35.0799,31.59924],[35.07512,31.60225],[35.07719,31.60577],[35.07972,31.60555],[35.07064,31.6091],[35.06591,31.61398],[35.05763,31.61662],[35.05666,31.61931],[35.04863,31.61901],[35.04311,31.62603],[35.03417,31.63072],[35.0335,31.63352],[35.03535,31.63511],[35.0323,31.63514],[35.03365,31.63916],[35.02281,31.63784],[35.021,31.63884],[35.02024,31.64243],[35.02252,31.64569],[35.01291,31.65229],[35.01288,31.6557],[35.01595,31.65564],[35.03132,31.66079],[35.03649,31.66407],[35.0403,31.66062],[35.04991,31.66238],[35.05128,31.66442],[35.05034,31.66887],[35.05538,31.67042],[35.0539,31.67146],[35.05419,31.67269],[35.05516,31.67235],[35.05389,31.67464],[35.06913,31.68418],[35.08512,31.69064],[35.0852,31.69527],[35.0943,31.70129],[35.09734,31.70694],[35.09604,31.70849],[35.0968,31.70934],[35.09925,31.70802],[35.10602,31.71473],[35.10912,31.71555],[35.11198,31.71387],[35.11648,31.71376],[35.11685,31.71469],[35.11745,31.71306],[35.12084,31.71565],[35.12168,31.71465],[35.12693,31.7153],[35.13079,31.72164],[35.12755,31.72741],[35.12727,31.73263],[35.13281,31.73582],[35.13601,31.73621],[35.13747,31.73547],[35.13828,31.73133],[35.13963,31.73038],[35.14126,31.731],[35.14241,31.73365],[35.1468,31.73603],[35.15451,31.73331],[35.15568,31.73563],[35.15509,31.73803],[35.15726,31.73903],[35.1586,31.7425],[35.16005,31.74262]],[[35.17276,31.7132],[35.17063,31.70733],[35.16823,31.70503],[35.17006,31.70538],[35.17276,31.7132]]]}},
{"type":"Feature","properties":{"TahanaName":"תחנת ערד","TahanaShortName":"ערד","MerhavName":"רותם","MahozName":"דרום"},"geometry":{"type":"Polygon","coordinates":[[[35.4134,31.50346],[35.48152,31.49465],[35.4809,31.4483],[35.46196,31.38683],[35.45454,31.37207],[35.44543,31.33833],[35.43717,31.31442],[35.42981,31.30997],[35.41984,31.29642],[35.41272,31.28315],[35.40785,31.26769],[35.40746,31.24918],[35.41372,31.22706],[35.42319,31.20923],[35.44945,31.17234],[35.45781,31.15704],[35.46117,31.14594],[35.4623,31.11939],[35.45769,31.09551],[35.45346,31.08453],[35.44639,31.06983],[35.43496,31.05359],[35.43019,31.04337],[35.42697,31.01732],[35.42253,30.99753],[35.42465,30.96413],[35.42384,30.95329],[35.4179,30.94549],[35.39654,30.92698],[35.39188,30.92665],[35.38039,30.92811],[35.3778,30.92974],[35.37612,30.92922],[35.37805,30.93111],[35.37491,30.93379],[35.37427,30.93631],[35.37044,30.93991],[35.36574,30.93989],[35.36617,30.94461],[35.36276,30.95036],[35.36355,30.95766],[35.3587,30.96594],[35.35238,30.98265],[35.3459,30.9934],[35.34091,30.99499],[35.33652,30.99165],[35.32616,30.98807],[35.32213,30.98822],[35.3193,30.99029],[35.31499,30.9913],[35.31296,30.98971],[35.30629,30.98983],[35.30314,30.98795],[35.30029,30.98328],[35.29813,30.9857],[35.29093,30.98665],[35.28946,30.99096],[35.28212,30.99523],[35.28078,31.00091],[35.27562,31.00365],[35.27197,31.00735],[35.26957,31.00731],[35.2647,31.00292],[35.25945,31.00467],[35.26075,31.00681],[35.25835,31.00856],[35.26001,31.01087],[35.25546,31.01656],[35.25587,31.01976],[35.25445,31.02021],[35.2519,31.01839],[35.25146,31.0199],[35.24757,31.02053],[35.24087,31.02678],[35.23654,31.03326],[35.22193,31.03587],[35.21169,31.04021],[35.20057,31.04293],[35.20352,31.05282],[35.2042,31.06104],[35.21393,31.07925],[35.21252,31.08191],[35.208,31.08407],[35.20428,31.08911],[35.20068,31.09029],[35.1963,31.09433],[35.19403,31.0946],[35.19166,31.0921],[35.18914,31.09515],[35.18527,31.09566],[35.18716,31.08925],[35.18497,31.08424],[35.18628,31.08338],[35.18713,31.07931],[35.18565,31.07686],[35.18211,31.07615],[35.17436,31.07994],[35.16705,31.07951],[35.16322,31.08118],[35.16422,31.07847],[35.16296,31.07693],[35.16246,31.08142],[35.15708,31.08283],[35.1536,31.07824],[35.15168,31.08012],[35.15072,31.07882],[35.14089,31.07941],[35.1256,31.07608],[35.11902,31.08202],[35.1141,31.08359],[35.10528,31.09158],[35.09676,31.09622],[35.09529,31.09822],[35.09287,31.09697],[35.08977,31.09938],[35.08741,31.09856],[35.08572,31.10027],[35.08459,31.09771],[35.08246,31.09813],[35.08219,31.09673],[35.07968,31.09745],[35.07776,31.09946],[35.07925,31.10054],[35.07733,31.10168],[35.07733,31.10409],[35.07325,31.10584],[35.07476,31.10751],[35.07124,31.11018],[35.06617,31.11173],[35.05969,31.11006],[35.05669,31.1079],[35.05531,31.11052],[35.05675,31.1119],[35.05963,31.1116],[35.06326,31.11331],[35.0641,31.11564],[35.06831,31.1188],[35.07634,31.12091],[35.08607,31.12756],[35.09755,31.13008],[35.10136,31.13583],[35.10564,31.13714],[35.10736,31.14012],[35.1065,31.14063],[35.10933,31.14335],[35.10931,31.1486],[35.11401,31.15365],[35.11345,31.15605],[35.11558,31.16416],[35.12038,31.16602],[35.12149,31.16972],[35.12422,31.17232],[35.12731,31.17335],[35.12612,31.17696],[35.12732,31.17849],[35.12692,31.1807],[35.13209,31.18223],[35.12713,31.1906],[35.12742,31.19236],[35.13239,31.19207],[35.13382,31.19457],[35.13621,31.19422],[35.13628,31.19586],[35.13846,31.19478],[35.1472,31.19755],[35.14722,31.20034],[35.14904,31.20103],[35.14875,31.20187],[35.15186,31.20245],[35.15452,31.20643],[35.16434,31.20584],[35.16529,31.20495],[35.16836,31.20618],[35.17093,31.20908],[35.16737,31.20978],[35.1666,31.2112],[35.16995,31.21239],[35.17005,31.21597],[35.17192,31.21694],[35.16966,31.21844],[35.17038,31.21989],[35.1692,31.22058],[35.17213,31.22316],[35.17206,31.22726],[35.17417,31.22971],[35.17235,31.23079],[35.1718,31.23287],[35.17438,31.23565],[35.17619,31.23533],[35.17809,31.23657],[35.18208,31.24213],[35.1771,31.2436],[35.1739,31.24639],[35.17246,31.24949],[35.17328,31.25453],[35.14478,31.25514],[35.12474,31.25428],[35.1273,31.26403],[35.13024,31.28565],[35.14609,31.28479],[35.15362,31.28845],[35.15373,31.29474],[35.14992,31.29755],[35.14488,31.29428],[35.13772,31.29892],[35.13199,31.29932],[35.12924,31.30564],[35.11642,31.31843],[35.11543,31.32465],[35.1216,31.33867],[35.12102,31.34564],[35.11853,31.34935],[35.12119,31.34811],[35.12524,31.34896],[35.12771,31.34831],[35.12812,31.35099],[35.13441,31.3522],[35.14138,31.35046],[35.14488,31.35274],[35.14585,31.35827],[35.14814,31.3576],[35.15075,31.35893],[35.15443,31.35679],[35.15768,31.35733],[35.15862,31.35652],[35.16414,31.35874],[35.17157,31.35736],[35.17459,31.36103],[35.17444,31.36473],[35.17766,31.36245],[35.18083,31.36618],[35.18559,31.36497],[35.19006,31.37116],[35.19083,31.37465],[35.19226,31.37535],[35.19216,31.37288],[35.19426,31.37162],[35.19551,31.36867],[35.19623,31.37112],[35.1998,31.37274],[35.20392,31.37124],[35.20689,31.37144],[35.21227,31.37618],[35.21421,31.37613],[35.22009,31.38009],[35.22426,31.38053],[35.22838,31.37888],[35.23337,31.38246],[35.23489,31.38966],[35.23717,31.39188],[35.2361,31.39267],[35.23885,31.39325],[35.23849,31.3948],[35.24034,31.39305],[35.24326,31.39302],[35.24427,31.39505],[35.24637,31.39395],[35.24738,31.39583],[35.25191,31.39532],[35.25576,31.39753],[35.25653,31.39628],[35.25971,31.39645],[35.26102,31.39526],[35.26252,31.39839],[35.2586,31.40038],[35.25773,31.40337],[35.25928,31.40532],[35.25346,31.40987],[35.25281,31.41425],[35.25632,31.41882],[35.26229,31.4197],[35.26416,31.41871],[35.26881,31.41911],[35.27113,31.42199],[35.27277,31.42156],[35.27514,31.42291],[35.27897,31.42855],[35.27664,31.43203],[35.28213,31.43721],[35.28457,31.43578],[35.28501,31.44184],[35.2876,31.44197],[35.28866,31.44407],[35.29594,31.4452],[35.299,31.44748],[35.30348,31.44613],[35.30411,31.44694],[35.30254,31.44794],[35.30558,31.45358],[35.30876,31.44962],[35.31603,31.44748],[35.32708,31.44797],[35.32933,31.44861],[35.33108,31.45096],[35.34922,31.45287],[35.35126,31.45567],[35.3482,31.45768],[35.35032,31.46045],[35.35016,31.46266],[35.34915,31.46423],[35.34431,31.46507],[35.34269,31.46822],[35.35493,31.46967],[35.35787,31.46656],[35.4134,31.50346]]]}},
{"type":"Feature","properties":{"TahanaName":"תחנת ערוער","TahanaShortName":"ערוער","MerhavName":"רותם","MahozName":"דרום"},"geometry":{"type":"Polygon","coordinates":[[[35.12086,31.36345],[35.13319,31.35621],[35.13652,31.35746],[35.1411,31.35631],[35.14292,31.35414],[35.14268,31.35121],[35.1396,31.3504],[35.13493,31.35219],[35.12936,31.35146],[35.12717,31.35004],[35.12771,31.34831],[35.12524,31.34896],[35.12119,31.34811],[35.11853,31.34935],[35.12102,31.34564],[35.12159,31.33849],[35.11553,31.32504],[35.116,31.31921],[35.12924,31.30564],[35.13199,31.29932],[35.13772,31.29892],[35.14488,31.29428],[35.14992,31.29755],[35.15373,31.29474],[35.15362,31.28845],[35.14609,31.28479],[35.13024,31.28565],[35.1273,31.26403],[35.12474,31.25428],[35.14478,31.25514],[35.17328,31.25453],[35.17246,31.24949],[35.1739,31.24639],[35.1771,31.2436],[35.18208,31.24213],[35.17809,31.23657],[35.17619,31.23533],[35.17438,31.23565],[35.1718,31.23287],[35.17235,31.23079],[35.17417,31.22971],[35.17206,31.22726],[35.17213,31.22316],[35.1692,31.22058],[35.17038,31.21989],[35.16966,31.21844],[35.17192,31.21694],[35.17005,31.21597],[35.16995,31.21239],[35.16658,31.21103],[35.16737,31.20978],[35.17096,31.20892],[35.16773,31.20565],[35.16529,31.20495],[35.16434,31.20584],[35.15452,31.20643],[35.15186,31.20245],[35.14875,31.20187],[35.14904,31.20103],[35.14722,31.20034],[35.1472,31.19755],[35.13846,31.19478],[35.13628,31.19586],[35.13621,31.19422],[35.13382,31.19457],[35.13239,31.19207],[35.12742,31.19236],[35.12713,31.1906],[35.13209,31.18223],[35.12692,31.1807],[35.12732,31.17849],[35.12612,31.17696],[35.12731,31.17335],[35.12422,31.17232],[35.12149,31.16972],[35.12038,31.16602],[35.11558,31.16416],[35.11345,31.15605],[35.11407,31.15379],[35.10921,31.14839],[35.10933,31.14335],[35.1065,31.14063],[35.10736,31.14012],[35.10654,31.13813],[35.10136,31.13583],[35.09755,31.13008],[35.08607,31.12756],[35.07634,31.12091],[35.06831,31.1188],[35.0641,31.11564],[35.06305,31.11319],[35.05963,31.1116],[35.05644,31.11176],[35.05532,31.11043],[35.05669,31.1079],[35.05447,31.10777],[35.0528,31.10969],[35.0513,31.10782],[35.04705,31.10671],[35.04616,31.10412],[35.04353,31.10259],[35.03901,31.10641],[35.03722,31.11131],[35.03051,31.1176],[35.02891,31.12147],[35.02274,31.11728],[35.01408,31.12092],[35.01292,31.1205],[35.01382,31.11688],[35.01251,31.10934],[35.00708,31.10514],[35.0015,31.10663],[34.9998,31.1051],[34.99054,31.10477],[34.98085,31.10113],[34.97159,31.08995],[34.96823,31.08967],[34.96258,31.0956],[34.96189,31.09057],[34.95718,31.09413],[34.95179,31.09242],[34.94627,31.08948],[34.94299,31.08901],[34.94566,31.08483],[34.94492,31.08204],[34.93928,31.08219],[34.93878,31.08033],[34.93263,31.08036],[34.93148,31.0831],[34.93624,31.09704],[34.95022,31.10819],[34.947,31.11096],[34.94142,31.12148],[34.94139,31.12267],[34.94403,31.12365],[34.9476,31.12777],[34.94893,31.13135],[34.94699,31.13371],[34.94179,31.13425],[34.93525,31.13812],[34.93124,31.13233],[34.92456,31.13539],[34.91782,31.1351],[34.91257,31.13331],[34.91091,31.13505],[34.90299,31.13567],[34.90139,31.14176],[34.89895,31.14227],[34.90473,31.15766],[34.897,31.16373],[34.89643,31.16624],[34.89191,31.16513],[34.88918,31.16851],[34.88322,31.17083],[34.8801,31.17542],[34.88037,31.17675],[34.87662,31.17673],[34.87329,31.19062],[34.87586,31.19316],[34.87962,31.19402],[34.87693,31.19761],[34.87151,31.19835],[34.87037,31.20132],[34.86602,31.20502],[34.86299,31.21301],[34.86076,31.2142],[34.86108,31.21733],[34.84611,31.22123],[34.84633,31.22221],[34.85975,31.21912],[34.87397,31.21764],[34.8741,31.21861],[34.87063,31.21911],[34.8716,31.22196],[34.86952,31.22267],[34.8695,31.22881],[34.87485,31.22883],[34.87427,31.23171],[34.87977,31.23369],[34.88656,31.23129],[34.88942,31.22793],[34.88812,31.22579],[34.89039,31.22298],[34.8914,31.22574],[34.90274,31.22528],[34.90399,31.22004],[34.90772,31.22001],[34.91245,31.21779],[34.91382,31.21865],[34.91472,31.21741],[34.91863,31.21641],[34.925,31.2167],[34.92877,31.21931],[34.93193,31.2264],[34.93794,31.22942],[34.93982,31.2336],[34.94372,31.23428],[34.94615,31.2367],[34.94497,31.23775],[34.94676,31.24036],[34.95253,31.23095],[34.95928,31.22535],[34.95923,31.22259],[34.96382,31.21969],[34.96637,31.22247],[34.97185,31.22005],[34.97278,31.22244],[34.972,31.22528],[34.97727,31.22698],[34.97785,31.22959],[34.98399,31.22808],[34.98975,31.22877],[34.99663,31.23616],[35.00308,31.23889],[35.00325,31.24534],[35.00718,31.24544],[35.00737,31.24731],[35.01084,31.24746],[35.01434,31.25089],[35.01674,31.25656],[35.01528,31.2591],[35.01974,31.26001],[35.01651,31.26249],[35.02046,31.26532],[35.02076,31.26732],[35.02468,31.27055],[35.02544,31.27302],[35.02726,31.27324],[35.02427,31.28218],[35.025,31.28522],[35.03335,31.29017],[35.03521,31.29329],[35.03796,31.293],[35.04192,31.29541],[35.04704,31.30412],[35.04592,31.30783],[35.05321,31.31039],[35.06022,31.31549],[35.07836,31.31677],[35.07946,31.31966],[35.083,31.32208],[35.08482,31.32692],[35.08992,31.32963],[35.08932,31.3321],[35.09126,31.33264],[35.0922,31.33462],[35.09522,31.33452],[35.09478,31.33846],[35.09863,31.33859],[35.10366,31.34329],[35.10591,31.34977],[35.10892,31.35167],[35.1087,31.35323],[35.1062,31.35458],[35.11518,31.35907],[35.11688,31.36251],[35.12086,31.36345]]]}},
{"type":"Feature","properties":{"TahanaName":"תחנת פתח תקווה","TahanaShortName":"פתח-תקווה","MerhavName":"שרון","MahozName":"מרכז"},"geometry":{"type":"Polygon","coordinates":[[[34.89048,32.12241],[34.90391,32.12238],[34.924,32.11698],[34.93248,32.11719],[34.93137,32.1108],[34.93495,32.10947],[34.93242,32.07864],[34.93604,32.0444],[34.93546,32.03918],[34.93015,32.03195],[34.92638,32.02165],[34.92039,32.01764],[34.9058,32.01797],[34.90551,32.02167],[34.90763,32.02393],[34.90693,32.03115],[34.89883,32.03145],[34.89821,32.03908],[34.89512,32.04114],[34.89141,32.04109],[34.89114,32.0498],[34.88434,32.04947],[34.88264,32.05895],[34.88403,32.05918],[34.88343,32.06349],[34.88187,32.06328],[34.88094,32.06578],[34.87934,32.06558],[34.87914,32.06674],[34.87548,32.06626],[34.87511,32.0706],[34.86736,32.07079],[34.86014,32.06736],[34.86009,32.0802],[34.85551,32.08004],[34.85613,32.08598],[34.84817,32.08678],[34.84799,32.08944],[34.84654,32.08984],[34.84745,32.09265],[34.84623,32.09327],[34.84622,32.09561],[34.84947,32.10708],[34.85075,32.10668],[34.85213,32.10858],[34.85373,32.10626],[34.85498,32.10832],[34.85789,32.1079],[34.85721,32.11039],[34.85826,32.11113],[34.8593,32.10925],[34.86065,32.10963],[34.85932,32.11099],[34.86098,32.11144],[34.86074,32.11347],[34.86239,32.11552],[34.86139,32.11631],[34.86462,32.11694],[34.86715,32.12093],[34.87818,32.11784],[34.88089,32.11991],[34.89048,32.12241]]]}},
{"type":"Feature","properties":{"TahanaName":"תחנת צפת","TahanaShortName":"צפת","MerhavName":"כנרת","MahozName":"צפון"},"geometry":{"type":"Polygon","coordinates":[[[35.5132,33.11199],[35.51688,33.10653],[35.51732,33.10176],[35.51298,33.09331],[35.50972,33.0911],[35.50848,33.08701],[35.50453,33.08365],[35.50662,33.07473],[35.5116,33.07634],[35.5146,33.07528],[35.5157,33.07329],[35.52195,33.06915],[35.52358,33.06564],[35.52845,33.06059],[35.53317,33.05876],[35.53621,33.05423],[35.54231,33.05192],[35.54062,33.04882],[35.54189,33.04412],[35.54422,33.04111],[35.54819,33.03909],[35.54691,33.03706],[35.54135,33.03477],[35.53514,33.03557],[35.53227,33.03478],[35.52215,33.02971],[35.52153,33.02693],[35.52342,33.02437],[35.52972,33.02275],[35.53589,33.01787],[35.52638,33.01504],[35.5207,33.01117],[35.52146,33.00579],[35.51885,33.00563],[35.51995,32.99999],[35.52159,32.99889],[35.52221,32.99997],[35.52251,32.99691],[35.52329,33.00102],[35.52465,33.00132],[35.52786,32.99778],[35.52813,32.99473],[35.52418,32.99494],[35.52378,32.98926],[35.52197,32.98783],[35.52363,32.98382],[35.51746,32.98461],[35.5209,32.98163],[35.52863,32.97852],[35.53068,32.97302],[35.52019,32.974],[35.52458,32.97205],[35.53206,32.97093],[35.53245,32.96915],[35.53428,32.96909],[35.53274,32.96451],[35.53643,32.96355],[35.53458,32.95901],[35.53457,32.95196],[35.5322,32.94579],[35.53398,32.94496],[35.53399,32.94141],[35.53203,32.93963],[35.52931,32.93923],[35.52588,32.94036],[35.52337,32.94288],[35.5187,32.93828],[35.51791,32.93536],[35.51309,32.93464],[35.50435,32.92697],[35.5053,32.92174],[35.51032,32.91825],[35.5078,32.91557],[35.5044,32.91675],[35.5002,32.91484],[35.4942,32.9183],[35.49544,32.92513],[35.48983,32.92148],[35.48795,32.91836],[35.48407,32.91742],[35.48583,32.91167],[35.48071,32.91167],[35.47253,32.91415],[35.46101,32.92083],[35.45584,32.9216],[35.44981,32.92046],[35.44414,32.92421],[35.44119,32.92306],[35.44077,32.91989],[35.43647,32.91775],[35.41927,32.92154],[35.40618,32.92775],[35.41156,32.92855],[35.41534,32.93412],[35.42085,32.93656],[35.41928,32.93759],[35.42215,32.93822],[35.4243,32.94132],[35.42521,32.94521],[35.42192,32.94671],[35.42132,32.94847],[35.42306,32.94987],[35.42404,32.95665],[35.42614,32.95885],[35.4265,32.96347],[35.42372,32.96748],[35.42589,32.96938],[35.42594,32.97109],[35.42082,32.97404],[35.41854,32.97759],[35.41401,32.97861],[35.41545,32.98411],[35.41399,32.98746],[35.40988,32.99036],[35.41432,32.99203],[35.41394,32.99501],[35.39993,32.99914],[35.39279,32.99913],[35.39301,33.00064],[35.39585,33.00044],[35.39796,33.0016],[35.39394,33.00499],[35.3931,33.00994],[35.39399,33.01383],[35.39288,33.0163],[35.39134,33.01735],[35.38899,33.01701],[35.38654,33.02013],[35.38699,33.02367],[35.39146,33.02479],[35.3864,33.03238],[35.39063,33.03259],[35.39363,33.03556],[35.38808,33.03982],[35.3859,33.04479],[35.38626,33.04757],[35.38292,33.04973],[35.38773,33.0511],[35.38553,33.05274],[35.38521,33.05442],[35.38691,33.05652],[35.38583,33.06022],[35.43102,33.06585],[35.44581,33.09066],[35.46666,33.09298],[35.48978,33.09246],[35.50362,33.08949],[35.50264,33.11446],[35.50536,33.11583],[35.50937,33.116],[35.50917,33.11504],[35.51392,33.11344],[35.5132,33.11199]]]}},
{"type":"Feature","properties":{"TahanaName":"תחנת קרית שמונה","TahanaShortName":"קרית-שמונה","MerhavName":"כנרת","MahozName":"צפון"},"geometry":{"type":"Polygon","coordinates":[[[35.57552,33.28686],[35.58462,33.28195],[35.58606,33.2727],[35.58413,33.26788],[35.58516,33.26586],[35.59386,33.26075],[35.59936,33.25371],[35.61133,33.24907],[35.6244,33.24227],[35.62314,33.24435],[35.62537,33.24559],[35.62314,33.24946],[35.62356,33.25244],[35.62012,33.25318],[35.61915,33.25526],[35.62133,33.25582],[35.62116,33.25943],[35.62298,33.26],[35.62141,33.26213],[35.62257,33.26439],[35.62003,33.2704],[35.62178,33.27245],[35.64297,33.28045],[35.65869,33.27406],[35.65356,33.27456],[35.65779,33.2705],[35.65456,33.2635],[35.6571,33.26081],[35.67095,33.2533],[35.67564,33.25325],[35.67905,33.25148],[35.6823,33.25232],[35.68253,33.25068],[35.68947,33.24887],[35.69218,33.25018],[35.69515,33.24882],[35.69465,33.24519],[35.69607,33.24375],[35.69077,33.24585],[35.68876,33.24552],[35.68748,33.24325],[35.6822,33.24176],[35.68297,33.23809],[35.68015,33.23565],[35.66956,33.23106],[35.66046,33.22923],[35.65944,33.22004],[35.66164,33.21834],[35.66135,33.21597],[35.66468,33.21188],[35.66211,33.18969],[35.66318,33.18755],[35.66064,33.18148],[35.66479,33.17507],[35.66538,33.16914],[35.66669,33.16956],[35.66775,33.16647],[35.66908,33.15607],[35.66494,33.14403],[35.6566,33.13144],[35.65423,33.12547],[35.65099,33.12231],[35.65239,33.12155],[35.64892,33.11867],[35.6507,33.11164],[35.65289,33.11109],[35.65132,33.10858],[35.65179,33.10638],[35.6532,33.10549],[35.65732,33.10768],[35.65833,33.1072],[35.65308,33.0995],[35.65355,33.0975],[35.65498,33.09724],[35.65329,33.09198],[35.65448,33.08842],[35.65219,33.08649],[35.65417,33.07512],[35.65201,33.07324],[35.65208,33.06832],[35.64957,33.06612],[35.65115,33.06496],[35.65128,33.06289],[35.64897,33.05968],[35.64666,33.05209],[35.6426,33.05782],[35.64394,33.05901],[35.64383,33.06225],[35.64081,33.06322],[35.63952,33.0694],[35.63384,33.07024],[35.62194,33.0678],[35.6209,33.07148],[35.59668,33.0858],[35.59071,33.08254],[35.59191,33.07482],[35.58836,33.07389],[35.58638,33.07965],[35.5843,33.07939],[35.58162,33.08168],[35.57697,33.0832],[35.57473,33.08258],[35.57486,33.09348],[35.57119,33.09997],[35.56837,33.10193],[35.56196,33.10131],[35.55883,33.09696],[35.55141,33.09305],[35.55038,33.09195],[35.55137,33.09148],[35.55072,33.08726],[35.53642,33.07782],[35.53167,33.07272],[35.52005,33.07351],[35.51847,33.07217],[35.5117,33.07634],[35.50662,33.07473],[35.50453,33.08365],[35.50848,33.08701],[35.50972,33.0911],[35.51298,33.09331],[35.51733,33.10188],[35.51654,33.10733],[35.51288,33.11214],[35.51395,33.11339],[35.50917,33.11504],[35.50937,33.116],[35.51985,33.11617],[35.53212,33.13366],[35.52635,33.13899],[35.54239,33.19848],[35.53693,33.20881],[35.53745,33.23255],[35.54686,33.23794],[35.54773,33.24252],[35.54628,33.24672],[35.54639,33.25453],[35.55125,33.25539],[35.55582,33.25821],[35.55706,33.2644],[35.55974,33.26631],[35.56007,33.26892],[35.56418,33.27318],[35.56489,33.27515],[35.56307,33.28314],[35.56458,33.28828],[35.5683,33.2909],[35.5715,33.28776],[35.57552,33.28686]]]}},
{"type":"Feature","properties":{"TahanaName":"תחנת קרית גת","TahanaShortName":"קרית גת","MerhavName":"לכיש","MahozName":"דרום"},"geometry":{"type":"Polygon","coordinates":[[[34.78756,31.68737],[34.79645,31.68441],[34.79125,31.67539],[34.7993,31.67956],[34.80564,31.67537],[34.80577,31.67718],[34.80869,31.67753],[34.81164,31.67531],[34.81419,31.67634],[34.82039,31.67334],[34.82329,31.67509],[34.82617,31.67247],[34.82664,31.67552],[34.83148,31.6749],[34.83531,31.67345],[34.84499,31.66348],[34.85406,31.65859],[34.85646,31.65526],[34.86375,31.65382],[34.87099,31.65521],[34.87672,31.65168],[34.87736,31.65235],[34.88269,31.65043],[34.88795,31.64328],[34.89823,31.64428],[34.90663,31.63924],[34.91107,31.63546],[34.91017,31.63147],[34.91288,31.62691],[34.90855,31.62202],[34.90334,31.61137],[34.91986,31.61736],[34.92398,31.6176],[34.93503,31.61483],[34.9492,31.61367],[34.96083,31.6029],[34.96365,31.60188],[34.96709,31.60241],[34.96755,31.59268],[34.96393,31.59149],[34.96478,31.5905],[34.96113,31.58879],[34.96478,31.58559],[34.9548,31.58782],[34.94974,31.58473],[34.94976,31.58011],[34.94818,31.57615],[34.94982,31.57121],[34.94574,31.56871],[34.95028,31.56416],[34.94395,31.56243],[34.94283,31.56107],[34.94405,31.55812],[34.94312,31.55537],[34.94649,31.55228],[34.94282,31.54933],[34.94369,31.54314],[34.94194,31.54034],[34.94194,31.53678],[34.94488,31.53315],[34.94011,31.52437],[34.94274,31.51545],[34.94493,31.51291],[34.94355,31.50756],[34.94472,31.50357],[34.9398,31.4919],[34.93975,31.48524],[34.92987,31.47483],[34.9295,31.4674],[34.92538,31.46593],[34.91773,31.45669],[34.91083,31.45408],[34.91129,31.45166],[34.91311,31.45046],[34.91095,31.44538],[34.90423,31.44426],[34.90231,31.4411],[34.90143,31.44214],[34.90365,31.44935],[34.89747,31.44706],[34.89743,31.44561],[34.89346,31.4442],[34.8915,31.44533],[34.88686,31.44405],[34.88413,31.43967],[34.88188,31.43864],[34.87581,31.43119],[34.8714,31.42962],[34.86509,31.42882],[34.86267,31.42966],[34.86013,31.428],[34.85635,31.42974],[34.85201,31.42916],[34.84668,31.43502],[34.84128,31.43383],[34.84023,31.4303],[34.83892,31.42997],[34.83457,31.43139],[34.83118,31.43726],[34.82738,31.43935],[34.82434,31.43961],[34.82246,31.44204],[34.81958,31.44304],[34.81286,31.44274],[34.80889,31.44664],[34.80586,31.4463],[34.80216,31.4482],[34.79709,31.44553],[34.78504,31.44339],[34.78317,31.44718],[34.78438,31.44952],[34.7812,31.45437],[34.7824,31.45615],[34.77888,31.46145],[34.77893,31.46685],[34.77738,31.46888],[34.77089,31.47167],[34.77125,31.4729],[34.76705,31.47538],[34.76265,31.473],[34.75534,31.46255],[34.75566,31.46514],[34.7524,31.46783],[34.75083,31.46759],[34.74984,31.4777],[34.74559,31.48305],[34.74182,31.48409],[34.74324,31.48626],[34.74168,31.48809],[34.74301,31.49075],[34.74111,31.49131],[34.74217,31.49264],[34.74087,31.49256],[34.7398,31.49456],[34.74005,31.4964],[34.7429,31.49697],[34.74172,31.4995],[34.74561,31.5],[34.74611,31.50155],[34.7452,31.5095],[34.74762,31.51175],[34.74559,31.51362],[34.74794,31.51584],[34.74554,31.52113],[34.74604,31.52605],[34.74172,31.52755],[34.74078,31.5302],[34.74219,31.5313],[34.74152,31.53371],[34.73846,31.53196],[34.73707,31.53442],[34.73317,31.5358],[34.73534,31.5373],[34.73422,31.54474],[34.7356,31.5464],[34.73189,31.54647],[34.73087,31.54992],[34.72844,31.54867],[34.72507,31.54955],[34.72535,31.55214],[34.72325,31.55279],[34.72314,31.5506],[34.72114,31.55228],[34.72049,31.55577],[34.71828,31.556],[34.71629,31.55789],[34.71406,31.55578],[34.71239,31.55639],[34.71008,31.55394],[34.70591,31.55486],[34.70403,31.55373],[34.70081,31.55554],[34.69948,31.55778],[34.69719,31.55589],[34.6952,31.55765],[34.69203,31.55716],[34.69272,31.55995],[34.69167,31.56097],[34.68702,31.55833],[34.68718,31.56062],[34.68085,31.56156],[34.67526,31.55478],[34.67637,31.55386],[34.6757,31.54916],[34.67111,31.54841],[34.66901,31.5493],[34.66312,31.54751],[34.65586,31.55263],[34.65967,31.56587],[34.65949,31.56943],[34.66472,31.57183],[34.67409,31.57342],[34.6894,31.58322],[34.70031,31.58742],[34.69281,31.58902],[34.6794,31.59589],[34.66973,31.59747],[34.66854,31.59853],[34.67757,31.60671],[34.67729,31.60844],[34.68549,31.61488],[34.68117,31.62214],[34.67719,31.62413],[34.67982,31.62655],[34.67576,31.63038],[34.67772,31.63413],[34.66278,31.63848],[34.66348,31.65303],[34.66249,31.65389],[34.66385,31.65813],[34.67467,31.66995],[34.68117,31.68361],[34.72563,31.67713],[34.72648,31.67183],[34.73289,31.66893],[34.73789,31.66402],[34.74669,31.6626],[34.74827,31.66103],[34.75299,31.65972],[34.75712,31.66453],[34.76313,31.66634],[34.7627,31.66761],[34.76391,31.66854],[34.77018,31.66775],[34.76411,31.68043],[34.78216,31.68713],[34.78317,31.6863],[34.78756,31.68737]]]}},
{"type":"Feature","properties":{"TahanaName":"תחנת קרית מלאכי","TahanaShortName":"קרית מלאכי","MerhavName":"לכיש","MahozName":"דרום"},"geometry":{"type":"Polygon","coordinates":[[[34.72934,31.82233],[34.74165,31.81325],[34.76138,31.80671],[34.76057,31.80565],[34.7645,31.79708],[34.77534,31.78854],[34.77777,31.77643],[34.78424,31.76318],[34.78432,31.7605],[34.78734,31.75998],[34.79173,31.76169],[34.80801,31.77375],[34.81439,31.77948],[34.82022,31.78825],[34.82802,31.78393],[34.83721,31.78305],[34.83873,31.7808],[34.83958,31.77656],[34.8431,31.77134],[34.84132,31.76797],[34.84022,31.768],[34.8433,31.76164],[34.8393,31.75604],[34.83874,31.75095],[34.84098,31.75031],[34.854,31.75365],[34.85613,31.75357],[34.85603,31.75153],[34.86157,31.75481],[34.86316,31.75517],[34.86432,31.75388],[34.86651,31.75622],[34.86789,31.75592],[34.87061,31.75179],[34.86864,31.74819],[34.87174,31.74933],[34.87372,31.74643],[34.87149,31.74364],[34.86807,31.74302],[34.86632,31.74145],[34.86335,31.73588],[34.8641,31.73413],[34.86057,31.73249],[34.86229,31.73125],[34.86369,31.73235],[34.86487,31.73049],[34.86465,31.72872],[34.86264,31.72774],[34.86577,31.7224],[34.8677,31.72148],[34.86751,31.719],[34.86517,31.71715],[34.86452,31.71476],[34.86861,31.71395],[34.86917,31.71228],[34.86764,31.70865],[34.86849,31.70699],[34.86719,31.7038],[34.87161,31.70142],[34.86549,31.69818],[34.86405,31.69414],[34.87002,31.69211],[34.87289,31.68741],[34.86872,31.68153],[34.86553,31.68139],[34.86827,31.68022],[34.8677,31.67732],[34.86931,31.67729],[34.86805,31.67351],[34.86667,31.67424],[34.86479,31.67185],[34.86613,31.67096],[34.86587,31.66823],[34.86927,31.6667],[34.86953,31.66172],[34.86744,31.6601],[34.86739,31.66147],[34.86701,31.65994],[34.8654,31.66178],[34.86462,31.66088],[34.86458,31.66323],[34.862,31.662],[34.86404,31.66023],[34.86772,31.65934],[34.86771,31.65739],[34.87099,31.65521],[34.86375,31.65382],[34.85646,31.65526],[34.85406,31.65859],[34.84499,31.66348],[34.83531,31.67345],[34.83148,31.6749],[34.82664,31.67552],[34.82617,31.67247],[34.82329,31.67509],[34.82039,31.67334],[34.81419,31.67634],[34.81164,31.67531],[34.80869,31.67753],[34.80577,31.67718],[34.80564,31.67537],[34.7993,31.67956],[34.79125,31.67539],[34.79645,31.68441],[34.78697,31.68764],[34.78317,31.6863],[34.78207,31.6871],[34.76411,31.68043],[34.77018,31.66775],[34.76391,31.66854],[34.7627,31.66761],[34.76313,31.66634],[34.75712,31.66453],[34.75299,31.65972],[34.74827,31.66103],[34.74669,31.6626],[34.73789,31.66402],[34.73289,31.66893],[34.72648,31.67183],[34.72563,31.67713],[34.68117,31.68361],[34.67467,31.66995],[34.66399,31.65846],[34.66251,31.6535],[34.63067,31.66355],[34.61572,31.66399],[34.60694,31.66596],[34.60727,31.67067],[34.61098,31.67623],[34.60992,31.67641],[34.61023,31.68449],[34.61615,31.6971],[34.63655,31.7238],[34.64993,31.74814],[34.65376,31.7506],[34.66347,31.75258],[34.66618,31.75738],[34.6677,31.76115],[34.66793,31.77079],[34.66967,31.77384],[34.66791,31.77592],[34.66953,31.78054],[34.68637,31.79602],[34.7067,31.82335],[34.71104,31.82218],[34.72397,31.82364],[34.72934,31.82233]]]}},
{"type":"Feature","properties":{"TahanaName":"תחנת ראש העין","TahanaShortName":"ראש העין","MerhavName":"שרון","MahozName":"מרכז"},"geometry":{"type":"Polygon","coordinates":[[[34.94088,32.11484],[34.95532,32.11134],[34.96811,32.10351],[34.97378,32.10194],[34.98642,32.1017],[34.99601,32.10617],[34.99827,32.10645],[35.00011,32.10526],[34.99994,32.10666],[35.00556,32.10737],[35.00473,32.1051],[35.0097,32.10344],[35.01164,32.1015],[35.01074,32.0937],[35.01394,32.09188],[35.01448,32.08747],[35.01868,32.08343],[35.01512,32.08045],[35.00555,32.08311],[35.00295,32.08251],[35.00177,32.07634],[34.99692,32.0721],[34.995,32.06732],[35.00324,32.06307],[35.00163,32.05927],[34.99538,32.05243],[35.00571,32.0521],[35.00464,32.04875],[35.00769,32.04235],[35.00287,32.03343],[35.00344,32.02649],[35.00571,32.02386],[35.00701,32.01606],[35.01203,32.01158],[35.00963,32.00967],[35.00789,32.00106],[35.00497,31.99768],[35.00582,31.99507],[35.00205,31.99364],[35.0022,31.98976],[34.99841,31.98294],[34.99535,31.98221],[34.99494,31.98109],[34.99172,31.98201],[34.98967,31.97947],[34.98279,31.97914],[34.97938,31.9824],[34.97466,31.98099],[34.9741,31.98308],[34.97123,31.98504],[34.97169,31.98781],[34.96931,31.98909],[34.96653,31.98854],[34.96694,31.9833],[34.96541,31.98204],[34.96238,31.983],[34.96109,31.97434],[34.95811,31.96995],[34.94407,31.96324],[34.93737,31.96272],[34.91765,31.9691],[34.90744,31.97605],[34.90519,31.9796],[34.90155,31.98002],[34.90168,31.9826],[34.91801,32.01537],[34.92627,32.02149],[34.93015,32.03195],[34.93528,32.03835],[34.93604,32.0444],[34.93242,32.07864],[34.93495,32.10947],[34.93675,32.10972],[34.93757,32.11234],[34.94088,32.11484]]]}},
{"type":"Feature","properties":{"TahanaName":"תחנת ראשון לציון","TahanaShortName":"ראשון לציון","MerhavName":"שפלה","MahozName":"מרכז"},"geometry":{"type":"Polygon","coordinates":[[[34.82972,32.02742],[34.83691,32.02573],[34.83687,32.02401],[34.83883,32.02332],[34.83948,32.02127],[34.84479,32.0225],[34.8468,32.01961],[34.84917,32.02007],[34.84821,32.01695],[34.85169,32.01536],[34.85178,32.0111],[34.86047,32.00854],[34.86863,31.99251],[34.85948,31.98633],[34.8581,31.98336],[34.84587,31.98399],[34.84516,31.98222],[34.84225,31.98437],[34.83708,31.97897],[34.83988,31.97386],[34.83031,31.96926],[34.83131,31.96788],[34.82942,31.96789],[34.82866,31.96645],[34.83012,31.96591],[34.83229,31.9673],[34.83344,31.96435],[34.83627,31.96284],[34.83506,31.9589],[34.83621,31.95504],[34.83229,31.94661],[34.827,31.94383],[34.8213,31.94408],[34.81769,31.94059],[34.8155,31.94254],[34.81441,31.94233],[34.81465,31.94041],[34.80474,31.9419],[34.80504,31.94464],[34.80146,31.94513],[34.80042,31.94118],[34.78842,31.94112],[34.78761,31.94209],[34.78429,31.94211],[34.78527,31.94386],[34.78116,31.94385],[34.78387,31.95162],[34.78236,31.95335],[34.77901,31.95421],[34.77246,31.94932],[34.75947,31.9484],[34.75279,31.94575],[34.75195,31.94801],[34.74389,31.93969],[34.7416,31.93259],[34.74208,31.93746],[34.74577,31.94329],[34.74049,31.94301],[34.74014,31.94463],[34.72764,31.94458],[34.72709,31.94016],[34.72047,31.94153],[34.71129,31.9397],[34.70892,31.94081],[34.70908,31.94319],[34.70793,31.94344],[34.71883,31.96694],[34.73315,32.00358],[34.74365,31.99829],[34.74582,32.00118],[34.74808,32.0001],[34.74819,31.99732],[34.75132,31.99671],[34.7577,31.99282],[34.75797,31.99515],[34.76167,31.99267],[34.76498,31.99671],[34.77976,31.99089],[34.79723,31.98941],[34.80063,31.99694],[34.80627,31.99794],[34.805,31.99993],[34.81463,32.00926],[34.81644,32.00787],[34.81643,32.01161],[34.82004,32.01573],[34.82476,32.0164],[34.82264,32.01967],[34.8276,32.0267],[34.82972,32.02742]]]}},
{"type":"Feature","properties":{"TahanaName":"תחנת רהט","TahanaShortName":"רהט","MerhavName":"נגב מערבי","MahozName":"דרום"},"geometry":{"type":"Polygon","coordinates":[[[34.74193,31.48376],[34.74559,31.48305],[34.74984,31.4777],[34.75083,31.46759],[34.7524,31.46783],[34.75566,31.46514],[34.75534,31.46255],[34.76265,31.473],[34.76705,31.47538],[34.77125,31.4729],[34.77089,31.47167],[34.77705,31.46903],[34.77513,31.46277],[34.77565,31.45679],[34.78934,31.42809],[34.79597,31.41016],[34.79494,31.39646],[34.7978,31.37273],[34.81262,31.37675],[34.81885,31.37633],[34.83173,31.36781],[34.84375,31.36735],[34.85176,31.36399],[34.85426,31.36163],[34.85807,31.3536],[34.85326,31.35324],[34.85063,31.35492],[34.84859,31.35395],[34.84626,31.35512],[34.84412,31.3544],[34.84471,31.35143],[34.84285,31.34573],[34.8416,31.34526],[34.83859,31.34495],[34.8363,31.34604],[34.83305,31.34993],[34.82663,31.34598],[34.81572,31.34493],[34.82289,31.34044],[34.82467,31.3377],[34.82038,31.33941],[34.81537,31.33828],[34.81014,31.3398],[34.79714,31.34057],[34.79324,31.32533],[34.79297,31.31048],[34.78804,31.31138],[34.78826,31.30978],[34.78632,31.3091],[34.74176,31.29555],[34.73558,31.29642],[34.73276,31.3011],[34.72327,31.29886],[34.71156,31.30014],[34.70285,31.31507],[34.70344,31.32383],[34.69891,31.3314],[34.70319,31.34116],[34.70806,31.34577],[34.70911,31.34951],[34.70797,31.35508],[34.70861,31.36045],[34.71351,31.37092],[34.71902,31.3783],[34.72052,31.38425],[34.71863,31.385],[34.71537,31.38352],[34.7122,31.38473],[34.71272,31.38827],[34.70689,31.39233],[34.70168,31.39803],[34.70335,31.40029],[34.70972,31.40006],[34.71874,31.40807],[34.72789,31.40943],[34.73282,31.4118],[34.73372,31.41381],[34.73063,31.41429],[34.72469,31.4196],[34.73245,31.43441],[34.73311,31.44164],[34.73421,31.44202],[34.73111,31.45164],[34.7338,31.45167],[34.73651,31.45437],[34.73609,31.4595],[34.73755,31.46169],[34.73891,31.45976],[34.73894,31.46079],[34.74208,31.46016],[34.74448,31.46123],[34.74513,31.46639],[34.74233,31.46935],[34.74165,31.47228],[34.73939,31.4739],[34.74036,31.47575],[34.73827,31.475],[34.73892,31.47659],[34.73748,31.47743],[34.73999,31.47944],[34.74193,31.48376]]]}},
{"type":"Feature","properties":{"TahanaName":"תחנת רחובות","TahanaShortName":"רחובות","MerhavName":"שפלה","MahozName":"מרכז"},"geometry":{"type":"Polygon","coordinates":[[[34.80172,31.94511],[34.80504,31.94464],[34.80474,31.9419],[34.80875,31.94095],[34.81465,31.94041],[34.81441,31.94233],[34.8155,31.94254],[34.81769,31.94059],[34.81675,31.93586],[34.8187,31.93357],[34.82146,31.9329],[34.81597,31.92943],[34.81381,31.92035],[34.81899,31.92027],[34.82354,31.91467],[34.82685,31.91662],[34.8294,31.91345],[34.8319,31.91437],[34.83567,31.90811],[34.83472,31.90577],[34.83657,31.90136],[34.8391,31.90236],[34.84197,31.89759],[34.85237,31.8948],[34.85068,31.89288],[34.85357,31.89089],[34.85176,31.88879],[34.85526,31.888],[34.85757,31.89091],[34.87031,31.88671],[34.87192,31.87979],[34.87716,31.87979],[34.87862,31.87938],[34.87763,31.87954],[34.87497,31.87219],[34.87199,31.85636],[34.86998,31.85187],[34.87144,31.84643],[34.87435,31.84388],[34.8785,31.84443],[34.88988,31.84285],[34.89209,31.83334],[34.89211,31.82607],[34.89706,31.82602],[34.898,31.82933],[34.90143,31.82903],[34.90268,31.82594],[34.90534,31.82613],[34.90647,31.82343],[34.90515,31.81829],[34.89998,31.81291],[34.9017,31.81119],[34.89604,31.81612],[34.89527,31.82008],[34.89272,31.82043],[34.88434,31.82653],[34.87463,31.83118],[34.86512,31.83865],[34.86016,31.8385],[34.84889,31.8251],[34.84883,31.82601],[34.84265,31.82559],[34.84257,31.8274],[34.82591,31.85064],[34.82153,31.85335],[34.81787,31.85405],[34.81916,31.85609],[34.81584,31.85868],[34.80747,31.85977],[34.81398,31.86598],[34.81264,31.86735],[34.80582,31.87124],[34.78888,31.87547],[34.79833,31.8735],[34.80261,31.8818],[34.79979,31.88059],[34.79672,31.88213],[34.79487,31.88051],[34.79458,31.87616],[34.7887,31.87548],[34.78433,31.87852],[34.77643,31.88154],[34.77902,31.88676],[34.76899,31.89268],[34.76751,31.89242],[34.76824,31.89396],[34.77016,31.89373],[34.76396,31.9021],[34.76609,31.90737],[34.77114,31.91423],[34.77097,31.92081],[34.77859,31.92136],[34.77887,31.92314],[34.78046,31.92362],[34.77848,31.92711],[34.78098,31.93268],[34.7798,31.9334],[34.78034,31.93684],[34.77893,31.93651],[34.78064,31.94316],[34.78527,31.94386],[34.78429,31.94211],[34.78761,31.94209],[34.78842,31.94112],[34.80042,31.94118],[34.80172,31.94511]],[[34.86546,31.84564],[34.86025,31.83863],[34.86991,31.85177],[34.86546,31.84564]]]}},
{"type":"Feature","properties":{"TahanaName":"תחנת רמלה","TahanaShortName":"רמלה","MerhavName":"שפלה","MahozName":"מרכז"},"geometry":{"type":"Polygon","coordinates":[[[34.85959,31.98641],[34.87259,31.97317],[34.86968,31.97263],[34.86127,31.96745],[34.86313,31.96465],[34.86759,31.96594],[34.8695,31.965],[34.86748,31.96438],[34.8688,31.96263],[34.8669,31.96209],[34.8691,31.96058],[34.86875,31.95781],[34.87126,31.95732],[34.86812,31.94478],[34.86495,31.94504],[34.86579,31.94199],[34.87008,31.94121],[34.86945,31.93984],[34.87038,31.93966],[34.87214,31.94232],[34.88445,31.93724],[34.88609,31.93809],[34.88779,31.93407],[34.89648,31.93154],[34.89462,31.92845],[34.89612,31.92747],[34.91103,31.92389],[34.90928,31.91778],[34.90755,31.91621],[34.9211,31.92014],[34.92754,31.92769],[34.92864,31.9224],[34.94074,31.89974],[34.94483,31.88894],[34.95699,31.87562],[34.9554,31.87507],[34.95661,31.87265],[34.95508,31.87133],[34.9554,31.8683],[34.95989,31.86238],[34.96007,31.85987],[34.9539,31.85366],[34.95442,31.8507],[34.95277,31.84798],[34.95076,31.84616],[34.94697,31.84851],[34.94268,31.84768],[34.93954,31.84613],[34.93902,31.84419],[34.94175,31.84274],[34.93971,31.84108],[34.93504,31.84171],[34.93405,31.83983],[34.92598,31.83627],[34.92275,31.83743],[34.92165,31.83604],[34.91801,31.83651],[34.91711,31.83579],[34.91802,31.83447],[34.91549,31.83475],[34.91266,31.83259],[34.9139,31.83063],[34.9107,31.8305],[34.91036,31.82952],[34.91217,31.81896],[34.91406,31.81649],[34.91749,31.81546],[34.91112,31.81266],[34.9017,31.81119],[34.89998,31.81291],[34.90514,31.81826],[34.90646,31.82355],[34.90534,31.82613],[34.90257,31.826],[34.90078,31.82928],[34.898,31.82933],[34.8971,31.82606],[34.89563,31.82537],[34.89211,31.82607],[34.89209,31.83334],[34.88988,31.84285],[34.8785,31.84443],[34.87435,31.84388],[34.87172,31.84563],[34.87016,31.85141],[34.87262,31.85725],[34.87529,31.87186],[34.87862,31.87938],[34.87192,31.87979],[34.87031,31.88671],[34.85757,31.89091],[34.85526,31.888],[34.85176,31.88879],[34.85357,31.89089],[34.85068,31.89288],[34.85237,31.8948],[34.84197,31.89759],[34.8391,31.90236],[34.83657,31.90136],[34.83472,31.90577],[34.83567,31.90811],[34.8319,31.91437],[34.8294,31.91345],[34.82685,31.91662],[34.82354,31.91467],[34.81899,31.92027],[34.81381,31.92035],[34.81608,31.92961],[34.82146,31.93268],[34.8186,31.93364],[34.81675,31.93586],[34.81763,31.94051],[34.8213,31.94408],[34.827,31.94383],[34.83229,31.94661],[34.83621,31.95504],[34.83506,31.9589],[34.83627,31.96284],[34.83344,31.96435],[34.83229,31.9673],[34.83012,31.96591],[34.82866,31.96645],[34.82942,31.96789],[34.83131,31.96788],[34.83031,31.96926],[34.83988,31.97386],[34.83708,31.97897],[34.84225,31.98437],[34.84516,31.98222],[34.84587,31.98399],[34.85784,31.98325],[34.85959,31.98641]]]}},
{"type":"Feature","properties":{"TahanaName":"תחנת שגב שלום","TahanaShortName":"שגב שלום","MerhavName":"רותם","MahozName":"דרום"},"geometry":{"type":"Polygon","coordinates":[[[34.82974,31.22514],[34.84628,31.22223],[34.84611,31.22123],[34.8613,31.21712],[34.86076,31.2142],[34.86299,31.21301],[34.86602,31.20502],[34.87037,31.20132],[34.87151,31.19835],[34.87693,31.19761],[34.87968,31.19391],[34.87592,31.19319],[34.87329,31.19062],[34.87653,31.17686],[34.88037,31.17675],[34.8801,31.17542],[34.88322,31.17083],[34.88918,31.16851],[34.89191,31.16513],[34.89643,31.16624],[34.897,31.16373],[34.90473,31.15766],[34.89895,31.14227],[34.90139,31.14176],[34.90299,31.13567],[34.91091,31.13505],[34.91257,31.13331],[34.91782,31.1351],[34.92456,31.13539],[34.93124,31.13233],[34.93525,31.13812],[34.94179,31.13425],[34.94699,31.13371],[34.94902,31.13018],[34.94448,31.12408],[34.94139,31.12267],[34.94142,31.12148],[34.947,31.11096],[34.95022,31.10819],[34.93624,31.09704],[34.93246,31.0877],[34.91778,31.0875],[34.91127,31.08409],[34.90113,31.08334],[34.89501,31.07893],[34.88986,31.0804],[34.88636,31.07719],[34.87453,31.07895],[34.87459,31.07626],[34.88014,31.07443],[34.88282,31.06843],[34.87665,31.06507],[34.87823,31.06066],[34.87511,31.05885],[34.87081,31.06042],[34.87054,31.0579],[34.8685,31.0598],[34.8655,31.059],[34.8663,31.05457],[34.86477,31.05346],[34.86304,31.05508],[34.86218,31.05392],[34.8631,31.05162],[34.86086,31.0525],[34.86061,31.05404],[34.85309,31.05642],[34.85145,31.05538],[34.85026,31.05124],[34.84555,31.05046],[34.84214,31.04703],[34.84264,31.04313],[34.8401,31.04044],[34.83946,31.03602],[34.83697,31.03255],[34.83731,31.03046],[34.83176,31.02353],[34.82262,31.0261],[34.81746,31.01921],[34.81179,31.01516],[34.79999,31.0146],[34.79974,31.01197],[34.80184,31.01125],[34.80139,31.00673],[34.79503,31.00693],[34.79121,31.00826],[34.79059,31.00122],[34.78447,30.99437],[34.7805,30.97642],[34.7832,30.96682],[34.78244,30.96309],[34.7745,30.95913],[34.77333,30.96246],[34.76877,30.96435],[34.76757,30.9686],[34.76506,30.97018],[34.75699,30.96962],[34.75028,30.97207],[34.74459,30.9635],[34.73969,30.96203],[34.73878,30.95931],[34.73564,30.96007],[34.73024,30.95759],[34.72494,30.95793],[34.72141,30.95514],[34.71871,30.95428],[34.71761,30.95565],[34.71317,30.95285],[34.69755,30.94735],[34.69256,30.94272],[34.69384,30.93912],[34.69295,30.93675],[34.69485,30.93206],[34.69742,30.93017],[34.69667,30.92708],[34.68102,30.91373],[34.67912,30.91321],[34.67729,30.91007],[34.67466,30.90901],[34.67349,30.90629],[34.66728,30.90376],[34.66686,30.90061],[34.66416,30.89981],[34.65703,30.89426],[34.65129,30.89151],[34.64904,30.89165],[34.64778,30.88247],[34.63889,30.87758],[34.63436,30.8772],[34.626,30.8787],[34.62747,30.88234],[34.62621,30.88462],[34.62649,30.89087],[34.62355,30.89616],[34.62412,30.91313],[34.62244,30.91917],[34.61411,30.93005],[34.60793,30.93264],[34.60256,30.93214],[34.60217,30.93034],[34.59977,30.93054],[34.59653,30.92732],[34.58277,30.92891],[34.58124,30.92657],[34.57329,30.92122],[34.5718,30.91877],[34.55676,30.91435],[34.55586,30.91319],[34.55705,30.90896],[34.5534,30.90329],[34.54593,30.89534],[34.54094,30.89628],[34.53939,30.89252],[34.53175,30.89092],[34.52974,30.89254],[34.5232,30.89226],[34.50071,30.88868],[34.49153,30.88882],[34.47125,30.88387],[34.46476,30.88045],[34.45704,30.8837],[34.43898,30.87838],[34.43553,30.87342],[34.47,30.82587],[34.47104,30.80258],[34.47588,30.80019],[34.48115,30.79411],[34.48168,30.78772],[34.48572,30.78212],[34.48126,30.77937],[34.47859,30.78453],[34.46663,30.7922],[34.46499,30.78731],[34.46537,30.78045],[34.4588,30.76906],[34.45524,30.76582],[34.45466,30.76062],[34.44455,30.78206],[34.42157,30.82251],[34.41687,30.83488],[34.40674,30.85358],[34.40263,30.86406],[34.39843,30.86973],[34.36811,30.94684],[34.34259,31.01709],[34.32754,31.05198],[34.30282,31.1206],[34.30898,31.12169],[34.33556,31.1511],[34.337,31.15437],[34.33703,31.16283],[34.37461,31.16807],[34.37449,31.18075],[34.37015,31.18017],[34.36946,31.18436],[34.37667,31.18846],[34.37529,31.19223],[34.39117,31.19688],[34.39188,31.1952],[34.3949,31.19392],[34.43159,31.19795],[34.45046,31.19642],[34.45729,31.19768],[34.46175,31.19988],[34.47452,31.19659],[34.47989,31.1941],[34.48472,31.18665],[34.49395,31.18546],[34.50151,31.18699],[34.50946,31.18099],[34.51209,31.18139],[34.5153,31.18408],[34.51758,31.18227],[34.5157,31.18069],[34.53927,31.18135],[34.54377,31.17899],[34.54963,31.18521],[34.55064,31.18458],[34.55408,31.18633],[34.54027,31.19597],[34.54597,31.20079],[34.54643,31.20504],[34.55159,31.19827],[34.56272,31.19603],[34.56788,31.19184],[34.58401,31.19405],[34.58696,31.19625],[34.59378,31.18925],[34.60043,31.1888],[34.60699,31.18361],[34.61651,31.18158],[34.62341,31.18512],[34.62326,31.19118],[34.62449,31.19417],[34.63061,31.19564],[34.63247,31.19786],[34.63592,31.19725],[34.64556,31.1999],[34.65201,31.19781],[34.66483,31.19936],[34.66789,31.19729],[34.67116,31.19682],[34.67276,31.1942],[34.67798,31.19329],[34.68252,31.18919],[34.6865,31.18849],[34.6882,31.17882],[34.68597,31.17392],[34.68953,31.17109],[34.69165,31.16685],[34.70215,31.16333],[34.71141,31.1724],[34.72289,31.1677],[34.7273,31.1605],[34.73036,31.15854],[34.73884,31.16031],[34.74633,31.16451],[34.76119,31.16576],[34.76943,31.16941],[34.7747,31.16895],[34.77663,31.16981],[34.78079,31.16767],[34.78216,31.16828],[34.79169,31.16583],[34.79825,31.16834],[34.80397,31.16746],[34.80658,31.17835],[34.8026,31.18625],[34.80297,31.18949],[34.80521,31.19254],[34.80224,31.20886],[34.80495,31.2093],[34.80768,31.20337],[34.8152,31.20474],[34.816,31.21343],[34.82041,31.21487],[34.8252,31.21314],[34.82974,31.22514]]]}},
{"type":"Feature","properties":{"TahanaName":"תחנת שדות","TahanaShortName":"שדות","MerhavName":"שרון","MahozName":"מרכז"},"geometry":{"type":"Polygon","coordinates":[[[34.87398,32.4131],[34.88356,32.41077],[34.88286,32.40861],[34.88871,32.40983],[34.88865,32.40726],[34.9152,32.40306],[34.91632,32.40567],[34.9217,32.40367],[34.9242,32.40468],[34.92948,32.40401],[34.93322,32.40979],[34.94334,32.40906],[34.95841,32.40496],[34.97947,32.40682],[34.98275,32.40063],[34.99288,32.39596],[34.99802,32.39209],[35.00334,32.38007],[35.0053,32.39003],[35.01052,32.38998],[35.01256,32.38756],[35.0183,32.38483],[35.01462,32.37259],[35.01564,32.35763],[35.0088,32.34227],[35.00866,32.33692],[35.0021,32.32813],[34.99956,32.3219],[34.99901,32.31216],[34.98484,32.3124],[34.98217,32.30431],[34.97822,32.30441],[34.97233,32.30892],[34.96882,32.30888],[34.96231,32.29557],[34.96007,32.29499],[34.9596,32.29327],[34.95742,32.29465],[34.95665,32.28504],[34.96298,32.284],[34.96107,32.28003],[34.96737,32.28116],[34.96776,32.27882],[34.97018,32.27908],[34.97021,32.27802],[34.97993,32.27473],[34.97485,32.26059],[34.97704,32.25517],[34.97316,32.25279],[34.97293,32.25153],[34.96741,32.25181],[34.96704,32.25046],[34.96593,32.25056],[34.95685,32.25375],[34.95361,32.25157],[34.9489,32.24464],[34.94602,32.2448],[34.94208,32.24248],[34.94058,32.23787],[34.93744,32.23839],[34.93622,32.23125],[34.93756,32.22697],[34.92792,32.22776],[34.92915,32.22114],[34.91965,32.22218],[34.91763,32.21897],[34.91873,32.21703],[34.91434,32.21486],[34.91292,32.21584],[34.91106,32.21517],[34.90952,32.21672],[34.91026,32.21992],[34.90403,32.22039],[34.90405,32.22141],[34.89803,32.22321],[34.89833,32.22451],[34.89583,32.22578],[34.88881,32.22734],[34.88451,32.22628],[34.88465,32.22751],[34.88323,32.22738],[34.88362,32.21852],[34.88945,32.21592],[34.88915,32.20936],[34.88562,32.20942],[34.88421,32.20722],[34.87992,32.20699],[34.88072,32.19942],[34.87225,32.19896],[34.87131,32.20759],[34.86708,32.2073],[34.86584,32.20857],[34.85704,32.20821],[34.85668,32.20523],[34.85922,32.20223],[34.85322,32.19967],[34.84703,32.19899],[34.84688,32.20315],[34.8443,32.20423],[34.83984,32.21098],[34.83637,32.21116],[34.83396,32.20832],[34.82692,32.21143],[34.81915,32.2017],[34.81813,32.19613],[34.81098,32.19852],[34.81213,32.20119],[34.80923,32.20212],[34.81902,32.22818],[34.82874,32.26007],[34.83213,32.25912],[34.83209,32.25761],[34.83037,32.25655],[34.83595,32.25492],[34.84183,32.268],[34.85599,32.2728],[34.86333,32.27237],[34.8707,32.28199],[34.87233,32.28157],[34.87172,32.28655],[34.87649,32.28766],[34.87717,32.28891],[34.88084,32.28808],[34.88083,32.29096],[34.88556,32.29069],[34.88639,32.29447],[34.88946,32.29429],[34.88937,32.30183],[34.88751,32.30297],[34.88794,32.30597],[34.89596,32.32357],[34.88252,32.32312],[34.87515,32.32408],[34.8782,32.32564],[34.87745,32.32791],[34.86945,32.32857],[34.87827,32.34923],[34.8784,32.35202],[34.8754,32.356],[34.86379,32.36365],[34.86337,32.36899],[34.85881,32.37007],[34.86559,32.39482],[34.86615,32.40008],[34.86492,32.40188],[34.86688,32.40252],[34.86586,32.40317],[34.86828,32.40907],[34.8703,32.41256],[34.87213,32.41156],[34.87398,32.4131]]]}},
{"type":"Feature","properties":{"TahanaName":"תחנת שדרות","TahanaShortName":"שדרות","MerhavName":"נגב מערבי","MahozName":"דרום"},"geometry":{"type":"Polygon","coordinates":[[[34.6069,31.6656],[34.63132,31.66338],[34.66347,31.65308],[34.66278,31.63848],[34.67772,31.63413],[34.67576,31.63038],[34.67982,31.62655],[34.67719,31.62413],[34.68117,31.62214],[34.68549,31.61488],[34.67729,31.60844],[34.67757,31.60671],[34.66866,31.59818],[34.6794,31.59589],[34.69281,31.58902],[34.70031,31.58742],[34.6894,31.58322],[34.67409,31.57342],[34.66472,31.57183],[34.65949,31.56943],[34.65967,31.56587],[34.65586,31.55263],[34.66312,31.54751],[34.66901,31.5493],[34.67111,31.54841],[34.6757,31.54916],[34.67637,31.55386],[34.67526,31.55478],[34.68054,31.56147],[34.68718,31.56062],[34.68702,31.55833],[34.69128,31.56106],[34.69272,31.56004],[34.69203,31.55716],[34.6952,31.55765],[34.69719,31.55589],[34.69948,31.55778],[34.70081,31.55554],[34.70403,31.55373],[34.70591,31.55486],[34.71008,31.55394],[34.71239,31.55639],[34.71406,31.55578],[34.71629,31.55789],[34.71828,31.556],[34.72049,31.55577],[34.72114,31.55228],[34.72314,31.5506],[34.72325,31.55279],[34.72535,31.55214],[34.72507,31.54955],[34.72844,31.54867],[34.73087,31.54992],[34.73189,31.54647],[34.73557,31.54649],[34.73422,31.54474],[34.73534,31.5373],[34.73317,31.5358],[34.73707,31.53442],[34.73846,31.53196],[34.74171,31.53352],[34.74219,31.5313],[34.74078,31.5302],[34.74235,31.52667],[34.74604,31.52605],[34.74554,31.52113],[34.74794,31.51584],[34.74559,31.51362],[34.74762,31.51175],[34.74523,31.50975],[34.74574,31.50016],[34.74178,31.49955],[34.74288,31.49694],[34.74001,31.49635],[34.74083,31.49259],[34.74217,31.49264],[34.74111,31.49131],[34.74301,31.49075],[34.74168,31.48809],[34.74324,31.48626],[34.73999,31.47944],[34.73748,31.47746],[34.73892,31.47659],[34.73827,31.475],[34.74036,31.47575],[34.73939,31.4739],[34.74165,31.47228],[34.74233,31.46935],[34.74513,31.46639],[34.74448,31.46123],[34.74208,31.46016],[34.73894,31.46079],[34.73891,31.45976],[34.73755,31.46169],[34.73609,31.4595],[34.73651,31.45437],[34.7329,31.45139],[34.7183,31.45183],[34.71213,31.45566],[34.70189,31.45638],[34.69684,31.45801],[34.69451,31.46076],[34.6908,31.45922],[34.68903,31.46021],[34.68535,31.45795],[34.68163,31.45859],[34.67909,31.46199],[34.67468,31.46059],[34.67306,31.46153],[34.67304,31.46373],[34.67053,31.46373],[34.67006,31.46273],[34.66562,31.47887],[34.66939,31.48199],[34.66441,31.48369],[34.66074,31.48304],[34.65534,31.48632],[34.65284,31.4843],[34.65224,31.48213],[34.64798,31.48322],[34.63907,31.48163],[34.63746,31.48777],[34.63408,31.49196],[34.62763,31.48825],[34.62828,31.48421],[34.62255,31.48401],[34.61626,31.47447],[34.60651,31.47259],[34.60663,31.47066],[34.60445,31.47037],[34.60209,31.46658],[34.59888,31.4665],[34.59451,31.46409],[34.5903,31.4653],[34.5872,31.46956],[34.57078,31.47065],[34.56132,31.47993],[34.5572,31.47865],[34.5524,31.48145],[34.54928,31.48111],[34.54598,31.48301],[34.52911,31.47024],[34.52862,31.46951],[34.53415,31.46524],[34.53296,31.46299],[34.53381,31.46258],[34.52392,31.4559],[34.51571,31.46083],[34.50734,31.45289],[34.50308,31.45402],[34.49672,31.45876],[34.48985,31.45268],[34.48195,31.45809],[34.47929,31.45589],[34.4671,31.46465],[34.47207,31.46989],[34.47781,31.47216],[34.4827,31.47844],[34.51231,31.50027],[34.52482,31.50257],[34.5304,31.50624],[34.54702,31.51287],[34.55056,31.51677],[34.55434,31.51853],[34.55467,31.52235],[34.56481,31.53223],[34.56736,31.53936],[34.56689,31.54157],[34.49181,31.5956],[34.49539,31.6013],[34.51068,31.62183],[34.5206,31.61907],[34.52533,31.61633],[34.52973,31.62105],[34.53398,31.61992],[34.53544,31.62117],[34.54093,31.61925],[34.56508,31.61784],[34.56809,31.622],[34.57285,31.62413],[34.57771,31.62868],[34.58558,31.62728],[34.59483,31.64831],[34.59953,31.65344],[34.6001,31.65619],[34.6061,31.66167],[34.6069,31.6656]]]}},
{"type":"Feature","properties":{"TahanaName":"תחנת שלם","TahanaShortName":"שלם","MerhavName":"קדם","MahozName":"ירושלים"},"geometry":{"type":"Polygon","coordinates":[[[35.24166,31.80809],[35.24628,31.80264],[35.25376,31.80317],[35.2562,31.80209],[35.2584,31.79765],[35.26052,31.78698],[35.26421,31.7833],[35.26235,31.78303],[35.26256,31.78085],[35.25964,31.78076],[35.25283,31.77481],[35.25482,31.77145],[35.25245,31.76962],[35.25166,31.76557],[35.25335,31.76209],[35.25506,31.76178],[35.25402,31.76075],[35.24683,31.76108],[35.24456,31.76266],[35.23886,31.76342],[35.23402,31.7686],[35.22847,31.76875],[35.22649,31.77127],[35.22908,31.76996],[35.23123,31.77282],[35.23779,31.77617],[35.23774,31.78013],[35.23901,31.78176],[35.23698,31.78378],[35.23119,31.78248],[35.22773,31.77968],[35.22601,31.77936],[35.22841,31.78108],[35.22662,31.79286],[35.23288,31.79944],[35.23582,31.80779],[35.24166,31.80809]]]}},
{"type":"Feature","properties":{"TahanaName":"תחנת שפט","TahanaShortName":"שפט","MerhavName":"קדם","MahozName":"ירושלים"},"geometry":{"type":"Polygon","coordinates":[[[35.22022,31.88266],[35.22302,31.87882],[35.22561,31.86745],[35.22822,31.86277],[35.23145,31.8603],[35.22694,31.86136],[35.22485,31.85546],[35.22496,31.85227],[35.2292,31.84498],[35.23809,31.84387],[35.23987,31.8452],[35.24173,31.85006],[35.24946,31.84769],[35.25417,31.84915],[35.26083,31.84718],[35.26178,31.84931],[35.26587,31.8457],[35.26225,31.84056],[35.25727,31.83873],[35.25085,31.83187],[35.25373,31.82868],[35.25656,31.8293],[35.25904,31.82718],[35.26198,31.82709],[35.26292,31.82396],[35.26601,31.82356],[35.26884,31.82159],[35.26816,31.81975],[35.26422,31.81952],[35.26014,31.81668],[35.25649,31.81167],[35.25664,31.80517],[35.26115,31.80112],[35.25789,31.79753],[35.25521,31.80282],[35.24641,31.80259],[35.24306,31.80723],[35.24058,31.80833],[35.23607,31.80793],[35.23396,31.80612],[35.23009,31.80613],[35.22342,31.80945],[35.21627,31.81842],[35.21257,31.81814],[35.21476,31.82512],[35.21151,31.83202],[35.21072,31.85455],[35.20874,31.85794],[35.2117,31.85978],[35.21146,31.86299],[35.20656,31.8651],[35.20417,31.87258],[35.20705,31.88166],[35.22022,31.88266]]]}},
{"type":"Feature","properties":{"TahanaName":"תחנת שפרעם","TahanaShortName":"שפרעם","MerhavName":"גליל","MahozName":"צפון"},"geometry":{"type":"Polygon","coordinates":[[[35.18366,32.83688],[35.19963,32.82868],[35.20184,32.82906],[35.20319,32.82759],[35.21592,32.83432],[35.22139,32.83229],[35.22617,32.83432],[35.23548,32.83161],[35.22778,32.82707],[35.22718,32.82318],[35.22975,32.81957],[35.22815,32.81842],[35.22606,32.81817],[35.22177,32.82033],[35.22023,32.81931],[35.21601,32.82044],[35.21328,32.81896],[35.21197,32.82125],[35.206,32.82119],[35.20479,32.82051],[35.20409,32.81492],[35.20223,32.81368],[35.2052,32.80256],[35.21063,32.79621],[35.21134,32.79706],[35.21793,32.79692],[35.22259,32.79809],[35.2266,32.79647],[35.22852,32.79308],[35.23351,32.79482],[35.23275,32.7972],[35.23666,32.79731],[35.23923,32.79868],[35.23973,32.79649],[35.23693,32.79618],[35.23693,32.79267],[35.24038,32.78994],[35.24107,32.78781],[35.24277,32.78838],[35.24667,32.787],[35.25029,32.78413],[35.24179,32.77677],[35.23468,32.76583],[35.23097,32.76395],[35.23273,32.75879],[35.22225,32.7456],[35.21732,32.74615],[35.21775,32.74815],[35.20982,32.74976],[35.21145,32.75043],[35.20914,32.75188],[35.20369,32.75267],[35.20217,32.7593],[35.20284,32.76149],[35.20048,32.76482],[35.20227,32.76646],[35.19876,32.76834],[35.19548,32.76542],[35.19319,32.76576],[35.19069,32.76326],[35.18922,32.75765],[35.18568,32.76181],[35.18422,32.76038],[35.18158,32.76068],[35.1817,32.75939],[35.17945,32.7593],[35.18203,32.75716],[35.17657,32.75494],[35.17402,32.75921],[35.17161,32.76039],[35.16966,32.75911],[35.1722,32.75863],[35.17239,32.75844],[35.16936,32.75897],[35.16761,32.75964],[35.16853,32.76072],[35.16735,32.76349],[35.16483,32.76488],[35.16509,32.76654],[35.16266,32.76747],[35.16413,32.76871],[35.16127,32.76932],[35.16146,32.77379],[35.15177,32.77471],[35.15,32.77322],[35.14957,32.76883],[35.14461,32.77142],[35.14335,32.7757],[35.14022,32.77584],[35.13597,32.77846],[35.13184,32.77826],[35.13869,32.78619],[35.1444,32.80011],[35.15011,32.81892],[35.14931,32.82394],[35.15154,32.82355],[35.15195,32.82469],[35.15473,32.82368],[35.15485,32.82644],[35.15924,32.83204],[35.16176,32.82917],[35.16379,32.82985],[35.16481,32.83183],[35.16762,32.83075],[35.16734,32.83228],[35.16799,32.83054],[35.17179,32.82972],[35.17157,32.83138],[35.17369,32.83125],[35.1749,32.83313],[35.17797,32.83194],[35.18111,32.83413],[35.18248,32.83343],[35.18366,32.83688]]]}},
{"type":"Feature","properties":{"TahanaName":"תחנת שרת","TahanaShortName":"שרת","MerhavName":"איילון","MahozName":"ת\"א"},"geometry":{"type":"Polygon","coordinates":[[[34.79163,32.07314],[34.79341,32.07259],[34.7928,32.0684],[34.78729,32.06173],[34.78528,32.05516],[34.78491,32.05036],[34.78776,32.04681],[34.78645,32.04686],[34.78661,32.04523],[34.78482,32.04523],[34.77906,32.03837],[34.77108,32.04324],[34.77315,32.04947],[34.77118,32.05067],[34.77384,32.06044],[34.77718,32.06039],[34.77821,32.06246],[34.7841,32.0658],[34.79163,32.07314]]]}},
{"type":"Feature","properties":{"TahanaName":"תחנת תבור","TahanaShortName":"תבור","MerhavName":"עמקים","MahozName":"צפון"},"geometry":{"type":"Polygon","coordinates":[[[35.41301,32.71053],[35.42936,32.70895],[35.43224,32.70729],[35.42829,32.69104],[35.43226,32.68773],[35.43976,32.6905],[35.44138,32.6879],[35.44585,32.68607],[35.44665,32.6839],[35.44453,32.68144],[35.4456,32.67819],[35.44249,32.67067],[35.44513,32.67029],[35.44808,32.67259],[35.45279,32.67123],[35.45244,32.66972],[35.45411,32.6698],[35.45503,32.66847],[35.45791,32.66993],[35.45301,32.65972],[35.45512,32.65725],[35.45271,32.65676],[35.45348,32.65519],[35.45649,32.6543],[35.45929,32.65599],[35.4644,32.6545],[35.46538,32.65176],[35.47033,32.6524],[35.46868,32.65038],[35.47016,32.64726],[35.46716,32.6473],[35.46672,32.64621],[35.47107,32.64407],[35.47086,32.63881],[35.4694,32.63708],[35.47339,32.6353],[35.48174,32.62824],[35.4839,32.62502],[35.49299,32.62474],[35.49259,32.6221],[35.49558,32.62047],[35.49547,32.61854],[35.49341,32.61868],[35.49481,32.61728],[35.49131,32.61768],[35.48877,32.61667],[35.48868,32.60756],[35.4688,32.6112],[35.41286,32.6282],[35.41021,32.63569],[35.41519,32.63789],[35.40456,32.64608],[35.40514,32.65174],[35.40224,32.65304],[35.397,32.65325],[35.39197,32.65579],[35.39168,32.65747],[35.38752,32.65763],[35.38874,32.65969],[35.38402,32.65627],[35.3763,32.65334],[35.37105,32.64874],[35.35817,32.64672],[35.35274,32.65214],[35.35225,32.66003],[35.34468,32.66019],[35.34005,32.66593],[35.33211,32.66309],[35.33315,32.65702],[35.32807,32.65671],[35.32765,32.65947],[35.32634,32.658],[35.31532,32.65763],[35.31567,32.65871],[35.3136,32.65869],[35.31097,32.66303],[35.31104,32.66723],[35.30894,32.66571],[35.29989,32.66503],[35.29993,32.66365],[35.29639,32.6626],[35.29704,32.66133],[35.29569,32.66043],[35.29277,32.66036],[35.29226,32.65821],[35.29101,32.67449],[35.28953,32.67599],[35.29876,32.67747],[35.30555,32.68365],[35.31642,32.68367],[35.3195,32.68738],[35.32333,32.68781],[35.3266,32.68978],[35.33804,32.68925],[35.34233,32.69273],[35.3495,32.69044],[35.3507,32.6909],[35.35118,32.69363],[35.35293,32.69243],[35.35624,32.69263],[35.35885,32.69464],[35.36308,32.69508],[35.36486,32.69863],[35.36779,32.69889],[35.37349,32.70373],[35.37536,32.70317],[35.37738,32.70418],[35.37905,32.71033],[35.3876,32.70477],[35.38971,32.70691],[35.40021,32.70727],[35.40181,32.70524],[35.40058,32.70411],[35.40181,32.70231],[35.40684,32.69888],[35.41214,32.70231],[35.41301,32.71053]]]}},
{"type":"Feature","properties":{"TahanaName":"תחנת תל אביב דרום","TahanaShortName":"תל אביב דרום","MerhavName":"איילון","MahozName":"ת\"א"},"geometry":{"type":"Polygon","coordinates":[[[34.79794,32.07996],[34.80195,32.07744],[34.80047,32.07269],[34.80221,32.07078],[34.80291,32.06637],[34.80453,32.06562],[34.80604,32.0618],[34.81171,32.05852],[34.81049,32.05509],[34.81421,32.0498],[34.81354,32.04498],[34.8145,32.04294],[34.81279,32.04048],[34.80905,32.03977],[34.80722,32.03401],[34.79826,32.03908],[34.79077,32.04133],[34.78821,32.04681],[34.78491,32.05036],[34.7872,32.06154],[34.79235,32.06731],[34.7946,32.07615],[34.79794,32.07996]]]}},
{"type":"Feature","properties":{"TahanaName":"תחנת תל אביב צפון","TahanaShortName":"תל אביב צפון","MerhavName":"ירקון","MahozName":"ת\"א"},"geometry":{"type":"Polygon","coordinates":[[[34.79691,32.1426],[34.79803,32.14492],[34.80218,32.14412],[34.80125,32.14024],[34.79709,32.13416],[34.79569,32.12842],[34.80899,32.12756],[34.80949,32.11955],[34.81116,32.1192],[34.81069,32.12443],[34.82369,32.12344],[34.81958,32.12884],[34.8191,32.13162],[34.82764,32.13043],[34.82618,32.12783],[34.83045,32.13006],[34.83367,32.12998],[34.83384,32.12842],[34.83735,32.1278],[34.84011,32.12555],[34.84447,32.11976],[34.84898,32.11891],[34.85043,32.12039],[34.85206,32.1195],[34.84909,32.10714],[34.84666,32.10677],[34.84294,32.10868],[34.83585,32.10543],[34.83,32.1062],[34.827,32.10541],[34.82669,32.1066],[34.8229,32.10374],[34.82436,32.10245],[34.82117,32.1014],[34.82253,32.09909],[34.81975,32.09614],[34.81842,32.09786],[34.81572,32.0983],[34.81285,32.09583],[34.80934,32.0965],[34.80938,32.09101],[34.80698,32.08972],[34.80701,32.09106],[34.80392,32.09084],[34.80212,32.09334],[34.80118,32.08976],[34.79805,32.09095],[34.78313,32.09085],[34.78318,32.09193],[34.77475,32.09228],[34.76921,32.09394],[34.76982,32.0954],[34.7695,32.09398],[34.77204,32.09476],[34.77276,32.09813],[34.77187,32.09864],[34.77292,32.09814],[34.77323,32.09672],[34.77373,32.09865],[34.7728,32.09877],[34.77231,32.09896],[34.77557,32.10242],[34.77727,32.10247],[34.77313,32.10772],[34.77305,32.10844],[34.77358,32.10923],[34.77371,32.10743],[34.77709,32.10493],[34.7776,32.10657],[34.77505,32.10695],[34.77666,32.10752],[34.77443,32.10834],[34.7775,32.10917],[34.77927,32.11249],[34.78187,32.1202],[34.78084,32.12104],[34.78345,32.12327],[34.79168,32.14654],[34.79691,32.1426]]]}},
{"type":"Feature","properties":{"TahanaName":"תחנת זבולון","TahanaShortName":"זבולון","MerhavName":"אשר","MahozName":"חוף"},"geometry":{"type":"Polygon","coordinates":[[[35.08871,32.88953],[35.09648,32.87403],[35.10646,32.87342],[35.10701,32.87151],[35.10584,32.85312],[35.10999,32.85023],[35.10639,32.84614],[35.10727,32.84404],[35.10195,32.84417],[35.10145,32.83877],[35.10409,32.83768],[35.10371,32.83652],[35.10585,32.83493],[35.102,32.83219],[35.10231,32.83068],[35.09768,32.8311],[35.09116,32.81405],[35.08575,32.81152],[35.07625,32.81034],[35.06892,32.80663],[35.05744,32.80445],[35.06247,32.8005],[35.06218,32.79894],[35.07667,32.79132],[35.07775,32.7576],[35.07022,32.75317],[35.05735,32.76809],[35.04142,32.77964],[35.03853,32.78366],[35.03661,32.783],[35.02807,32.78894],[35.01947,32.79809],[35.03397,32.79947],[35.03502,32.8017],[35.03022,32.80231],[35.02819,32.80603],[35.03134,32.80451],[35.03192,32.80631],[35.02884,32.80702],[35.02894,32.80864],[35.03679,32.81191],[35.03599,32.81378],[35.03196,32.81256],[35.03066,32.81578],[35.02794,32.8151],[35.02552,32.8162],[35.02692,32.81577],[35.03425,32.81867],[35.03199,32.82479],[35.02724,32.82429],[35.02623,32.83149],[35.02348,32.83165],[35.02988,32.83164],[35.03231,32.83088],[35.03819,32.82325],[35.04402,32.82542],[35.04968,32.83152],[35.0576,32.84202],[35.06538,32.85662],[35.07496,32.88079],[35.07841,32.8933],[35.08871,32.88953]]]}}
]
}
